,name,state,state_code,type,degree_length,room_and_board,in_state_tuition,in_state_total,out_of_state_tuition,out_of_state_total,rank,state_name,early_career_pay,mid_career_pay,make_world_better_percent,stem_percent
0,Adams State University,Colorado,CO,Public,4 Year,8782.0,9440,18222,20456,29238,16,Colorado,44400,81400,56.0,3
1,Adventist University of Health Sciences,Florida,FL,Private,4 Year,4200.0,15150,19350,15150,19350,14,Florida,51600,89800,88.0,5
2,Agnes Scott College,Georgia,GA,Private,4 Year,12330.0,41160,53490,41160,53490,14,Georgia,46000,83600,57.0,26
3,Alabama State University,Alabama,AL,Public,4 Year,5422.0,11068,16490,19396,24818,20,Alabama,39800,71500,61.0,16
4,Alaska Pacific University,Alaska,AK,Private,4 Year,7300.0,20830,28130,20830,28130,3,Alaska,50300,90000,67.0,6
5,Albany College of Pharmacy and Health Sciences,New York,NY,Private,4 Year,10920.0,35105,46025,35105,46025,1,New-York,81000,144800,82.0,2
6,Albertus Magnus College,Connecticut,CT,Private,4 Year,13200.0,32060,45260,32060,45260,18,Connecticut,49700,85900,62.0,2
7,Albion College,Michigan,MI,Private,4 Year,12380.0,45775,58155,45775,58155,7,Michigan,52100,99300,44.0,23
8,Alcorn State University,Mississippi,MS,Public,4 Year,9608.0,7144,16752,7144,16752,10,Mississippi,40900,69500,67.0,19
10,Alma College,Michigan,MI,Private,4 Year,10998.0,40258,51256,40258,51256,15,Michigan,48400,89900,52.0,15
12,Amherst College,Massachusetts,MA,Private,4 Year,14740.0,56426,71166,56426,71166,10,Massachusetts,63800,116500,45.0,32
14,Andrews University,Michigan,MI,Private,4 Year,9078.0,29288,38366,29288,38366,21,Michigan,47600,85000,51.0,7
15,Appalachian State University,North Carolina,NC,Public,4 Year,8304.0,7214,15518,22021,30325,15,North-Carolina,46600,82700,47.0,9
17,Arkansas Tech University,Arkansas,AR,Public,4 Year,7870.0,9068,16938,15848,23718,13,Arkansas,45000,76900,54.0,7
18,Armstrong State University,Georgia,GA,Public,4 Year,11385.0,6384,17769,19866,31251,16,Georgia,46600,81500,60.0,10
19,Asbury University,Kentucky,KY,Private,4 Year,7160.0,30198,37358,30198,37358,20,Kentucky,39400,70800,59.0,4
21,Auburn University,Alabama,AL,Public,4 Year,13332.0,11276,24608,30524,43856,1,Alabama,54400,104500,51.0,31
22,Auburn University at Montgomery,Alabama,AL,Public,4 Year,6980.0,10288,17268,22048,29028,13,Alabama,45000,79600,61.0,12
23,Augsburg University,Minnesota,MN,Private,4 Year,10280.0,38800,49080,38800,49080,12,Minnesota,50500,91000,52.0,11
24,Augusta University,Georgia,GA,Public,4 Year,9640.0,10758,20398,29796,39436,13,Georgia,47000,84400,69.0,10
25,Augustana University,South Dakota,SD,Private,4 Year,8248.0,33018,41266,33018,41266,3,South-Dakota,47900,88400,54.0,18
26,Austin Peay State University,Tennessee,TN,Public,4 Year,10700.0,8411,19111,24467,35167,20,Tennessee,44200,78200,63.0,10
27,Avila University,Missouri,MO,Private,4 Year,7200.0,19900,27100,19900,27100,17,Missouri,45900,81200,68.0,3
28,Babson College,Massachusetts,MA,Private,4 Year,16312.0,51104,67416,51104,67416,4,Massachusetts,72000,133800,37.0,0
29,Baker University,Kansas,KS,Private,4 Year,8410.0,29830,38240,29830,38240,10,Kansas,47800,84200,55.0,2
30,Ball State University,Indiana,IN,Public,4 Year,10234.0,9896,20130,26468,36702,22,Indiana,45600,83700,48.0,7
31,Barnard College,New York,NY,Private,4 Year,17225.0,55032,72257,55032,72257,19,New-York,59200,109800,57.0,19
32,Barry University,Florida,FL,Private,4 Year,11100.0,29850,40950,29850,40950,24,Florida,47400,84400,66.0,12
33,Barton College,North Carolina,NC,Private,4 Year,10120.0,30880,41000,30880,41000,24,North-Carolina,42400,77900,62.0,6
35,Bates College,Maine,ME,Private,4 Year,15224.0,53794,69018,53794,69018,3,Maine,59500,111900,50.0,23
36,Baylor University,Texas,TX,Private,4 Year,12595.0,45727,58322,45727,58322,12,Texas,55500,101400,49.0,16
37,Belhaven University,Mississippi,MS,Private,4 Year,8500.0,25300,33800,25300,33800,7,Mississippi,41200,74300,60.0,2
38,Bellarmine University,Kentucky,KY,Private,4 Year,12250.0,42200,54450,42200,54450,3,Kentucky,49000,90700,54.0,11
40,Bellevue University,Nebraska,NE,Private,4 Year,8730.0,9390,18120,9390,18120,10,Nebraska,49400,84800,57.0,23
42,Belmont Abbey College,North Carolina,NC,Private,4 Year,10355.0,18500,28855,18500,28855,14,North-Carolina,46700,82900,49.0,7
43,Belmont University,Tennessee,TN,Private,4 Year,12120.0,34310,46430,34310,46430,17,Tennessee,47300,80900,47.0,3
44,Beloit College,Wisconsin,WI,Private,4 Year,8830.0,50040,58870,50040,58870,17,Wisconsin,47400,85700,59.0,24
45,Benedict College,South Carolina,SC,Private,4 Year,6200.0,16600,22800,16600,22800,24,South-Carolina,38100,67500,61.0,19
46,Benedictine College,Kansas,KS,Private,4 Year,10300.0,29530,39830,29530,39830,3,Kansas,48700,91800,69.0,13
47,Bennington College,Vermont,VT,Private,4 Year,15610.0,54360,69970,54360,69970,6,Vermont,48800,90000,50.0,5
48,Bentley University,Massachusetts,MA,Private,4 Year,16320.0,49880,66200,49880,66200,9,Massachusetts,66600,116600,36.0,7
49,Berea College,Kentucky,KY,Private,4 Year,6764.0,39990,46754,39990,46754,19,Kentucky,39500,71600,53.0,27
50,Berry College,Georgia,GA,Private,4 Year,12770.0,36556,49326,36556,49326,12,Georgia,44900,84900,44.0,21
51,Black Hills State University,South Dakota,SD,Public,4 Year,6978.0,8733,15711,11778,18756,10,South-Dakota,40400,72600,51.0,11
52,Bloomfield College,New Jersey,NJ,Private,4 Year,11950.0,29550,41500,29550,41500,23,New-Jersey,48400,89100,55.0,17
54,Boise State University,Idaho,ID,Public,4 Year,10692.0,7694,18386,23776,34468,4,Idaho,50100,86400,55.0,14
55,Boston College,Massachusetts,MA,Private,4 Year,14478.0,55464,69942,55464,69942,11,Massachusetts,63600,115400,43.0,13
56,Boston University,Massachusetts,MA,Private,4 Year,15720.0,53948,69668,53948,69668,13,Massachusetts,61400,113600,43.0,25
57,Bowdoin College,Maine,ME,Private,4 Year,14698.0,53922,68620,53922,68620,2,Maine,61300,112000,54.0,37
58,Bowie State University,Maryland,MD,Public,4 Year,10904.0,8233,19137,18873,29777,18,Maryland,50300,89900,65.0,11
59,Bradley University,Illinois,IL,Private,4 Year,10620.0,33760,44380,33760,44380,6,Illinois,55600,104900,46.0,38
60,Brandeis University,Massachusetts,MA,Private,4 Year,15440.0,55395,70835,55395,70835,14,Massachusetts,60600,113200,48.0,29
61,Brescia University,Kentucky,KY,Private,4 Year,9200.0,22400,31600,22400,31600,10,Kentucky,44300,81200,53.0,7
62,Brigham Young University-Hawaii,Hawaii,HI,Private,4 Year,6586.0,5560,12146,5560,12146,1,Hawaii,51700,93900,57.0,12
63,Brigham Young University-Idaho,Idaho,ID,Private,4 Year,4592.0,4118,8710,4118,8710,2,Idaho,53700,93500,59.0,14
64,Brown University,Rhode Island,RI,Private,4 Year,14670.0,55656,70326,55656,70326,1,Rhode-Island,68200,127600,45.0,43
65,Bryant University,Rhode Island,RI,Private,4 Year,15702.0,43973,59675,43973,59675,2,Rhode-Island,60500,108600,37.0,8
66,Bucknell University,Pennsylvania,PA,Private,4 Year,13662.0,56092,69754,56092,69754,5,Pennsylvania,66700,122900,40.0,40
67,Butler University,Indiana,IN,Private,4 Year,13830.0,41120,54950,41120,54950,7,Indiana,51800,99300,53.0,9
68,California Institute of Technology,California,CA,Private,4 Year,15525.0,52362,67887,52362,67887,3,California,84100,151600,53.0,97
69,Calvin College,Michigan,MI,Private,4 Year,10200.0,34600,44800,34600,44800,13,Michigan,50200,91100,54.0,23
70,Cameron University,Oklahoma,OK,Public,4 Year,5452.0,6450,11902,15870,21322,11,Oklahoma,43900,81500,54.0,14
71,Campbell University,North Carolina,NC,Private,4 Year,11430.0,32500,43930,32500,43930,16,North-Carolina,46300,82400,56.0,8
72,Campbellsville University,Kentucky,KY,Private,4 Year,8000.0,25400,33400,25400,33400,24,Kentucky,37600,66800,50.0,7
73,Capitol Technology University,Maryland,MD,Private,4 Year,5708.0,25428,31136,25428,31136,2,Maryland,67400,118400,63.0,88
74,Cardinal Stritch University,Wisconsin,WI,Private,4 Year,8440.0,29998,38438,29998,38438,20,Wisconsin,47000,82500,51.0,2
75,Carleton College,Minnesota,MN,Private,4 Year,14085.0,54759,68844,54759,68844,1,Minnesota,58800,109900,47.0,45
76,Carnegie Mellon University,Pennsylvania,PA,Private,4 Year,14418.0,55465,69883,55465,69883,1,Pennsylvania,75900,136100,45.0,66
77,Carroll College,Montana,MT,Private,4 Year,9880.0,35486,45366,35486,45366,3,Montana,48200,91400,55.0,25
78,Carroll University,Wisconsin,WI,Private,4 Year,9484.0,31918,41402,31918,41402,16,Wisconsin,45600,86500,49.0,14
79,Carson-Newman University,Tennessee,TN,Private,4 Year,8810.0,27900,36710,27900,36710,23,Tennessee,42700,76500,61.0,5
80,Carthage College,Wisconsin,WI,Private,4 Year,11990.0,43550,55540,43550,55540,18,Wisconsin,48900,85400,48.0,17
81,Case Western Reserve University,Ohio,OH,Private,4 Year,15190.0,49042,64232,49042,64232,1,Ohio,66600,117800,44.0,37
82,Castleton University,Vermont,VT,Public,4 Year,10598.0,12314,22912,28322,38920,11,Vermont,41700,76200,52.0,6
83,Catawba College,North Carolina,NC,Private,4 Year,10488.0,30520,41008,30520,41008,22,North-Carolina,42500,78100,58.0,11
84,Centenary College of Louisiana,Louisiana,LA,Private,4 Year,13400.0,36580,49980,36580,49980,10,Louisiana,47000,88400,37.0,26
87,Central College,Iowa,IA,Private,4 Year,10280.0,37295,47575,37295,47575,9,Iowa,49000,88800,55.0,36
88,Central Connecticut State University,Connecticut,CT,Public,4 Year,12176.0,10616,22792,21856,34032,12,Connecticut,53100,93700,45.0,15
89,Central Michigan University,Michigan,MI,Public,4 Year,10076.0,12960,23036,12960,23036,23,Michigan,47700,83600,46.0,13
90,Central Washington University,Washington,WA,Public,4 Year,11115.0,8072,19187,23053,34168,14,Washington,52700,93200,47.0,13
91,Centre College,Kentucky,KY,Private,4 Year,10480.0,41700,52180,41700,52180,4,Kentucky,49500,88500,52.0,22
92,Chadron State College,Nebraska,NE,Public,4 Year,7380.0,7196,14576,7196,14576,16,Nebraska,42300,76700,66.0,3
93,Chaminade University of Honolulu,Hawaii,HI,Private,4 Year,13630.0,25374,39004,25374,39004,4,Hawaii,45400,84000,55.0,3
94,Champlain College,Vermont,VT,Private,4 Year,15354.0,41010,56364,41010,56364,7,Vermont,51100,88400,39.0,14
96,Charleston Southern University,South Carolina,SC,Private,4 Year,10200.0,25500,35700,25500,35700,17,South-Carolina,42800,76300,65.0,9
98,Christian Brothers University,Tennessee,TN,Private,4 Year,7400.0,32820,40220,32820,40220,4,Tennessee,51500,96500,60.0,14
99,Christopher Newport University,Virginia,VA,Public,4 Year,11460.0,14754,26214,27220,38680,17,Virginia,50800,87200,55.0,25
100,Claremont McKenna College,California,CA,Private,4 Year,16705.0,54405,71110,54405,71110,9,California,68500,125400,43.0,16
101,Clark Atlanta University,Georgia,GA,Private,4 Year,9524.0,23436,32960,23436,32960,18,Georgia,46300,81100,54.0,15
103,Clark University,Massachusetts,MA,Private,4 Year,9170.0,45730,54900,45730,54900,23,Massachusetts,52600,101400,47.0,14
104,Clarke University,Iowa,IA,Private,4 Year,9600.0,33350,42950,33350,42950,20,Iowa,44900,80200,52.0,6
105,Clarkson College,Nebraska,NE,Private,4 Year,5398.0,16920,22318,16920,22318,4,Nebraska,50900,91500,74.0,0
106,Clarkson University,New York,NY,Private,4 Year,14908.0,49444,64352,49444,64352,8,New-York,66400,130100,58.0,58
107,Cleary University,Michigan,MI,Private,4 Year,9600.0,20250,29850,20250,29850,22,Michigan,47400,84700,50.0,0
108,Clemson University,South Carolina,SC,Public,4 Year,10832.0,14970,25802,36724,47556,2,South-Carolina,57500,106700,50.0,39
109,Cleveland State University,Ohio,OH,Public,4 Year,13560.0,10625,24185,14992,28552,21,Ohio,48300,88600,51.0,20
110,Coastal Carolina University,South Carolina,SC,Public,4 Year,9190.0,11536,20726,26648,35838,13,South-Carolina,44700,77600,48.0,14
111,Coe College,Iowa,IA,Private,4 Year,9480.0,45000,54480,45000,54480,13,Iowa,47200,86900,41.0,24
112,Colby College,Maine,ME,Private,4 Year,14190.0,55210,69400,55210,69400,4,Maine,59200,103300,50.0,25
113,Colby-Sawyer College,New Hampshire,NH,Private,4 Year,14264.0,42398,56662,42398,56662,9,New-Hampshire,46400,83700,43.0,7
114,Colgate University,New York,NY,Private,4 Year,13995.0,55870,69865,55870,69865,7,New-York,68400,130600,41.0,26
115,College for Creative Studies,Michigan,MI,Private,4 Year,8800.0,44110,52910,44110,52910,16,Michigan,51200,89800,40.0,0
116,College of Charleston,South Carolina,SC,Public,4 Year,12166.0,12738,24904,31920,44086,8,South-Carolina,47300,85100,44.0,20
117,College of Saint Mary,Nebraska,NE,Private,4 Year,7700.0,20350,28050,20350,28050,14,Nebraska,43900,77700,45.0,9
118,College of the Holy Cross,Massachusetts,MA,Private,4 Year,14520.0,52770,67290,52770,67290,12,Massachusetts,61800,114600,46.0,24
119,College of William and Mary,Virginia,VA,Public,4 Year,12236.0,23400,35636,44701,56937,5,Virginia,59000,108900,42.0,21
120,Colorado Christian University,Colorado,CO,Private,4 Year,11846.0,31866,43712,31866,43712,17,Colorado,46800,80100,70.0,2
121,Colorado College,Colorado,CO,Private,4 Year,12512.0,55470,67982,55470,67982,5,Colorado,53100,97900,48.0,23
122,Colorado Mesa University,Colorado,CO,Public,4 Year,10925.0,9243,20168,22440,33365,14,Colorado,47800,81500,55.0,7
123,Colorado School of Mines,Colorado,CO,Public,4 Year,13169.0,18964,32133,38584,51753,1,Colorado,75600,139600,60.0,93
124,Columbia International University,South Carolina,SC,Private,4 Year,8150.0,23690,31840,23690,31840,25,South-Carolina,36600,66200,62.0,0
125,Columbus State University,Georgia,GA,Public,4 Year,9880.0,7200,17080,20682,30562,25,Georgia,43300,77900,59.0,10
126,Concord University,West Virginia,WV,Public,4 Year,8988.0,7896,16884,17320,26308,13,West-Virginia,41700,75800,53.0,9
127,Connecticut College,Connecticut,CT,Private,4 Year,15150.0,54820,69970,54820,69970,8,Connecticut,57500,100800,36.0,30
128,Converse College,South Carolina,SC,Private,4 Year,10930.0,18690,29620,18690,29620,21,South-Carolina,39000,71000,60.0,8
129,Cooper Union for the Advancement of Science and Art,New York,NY,Private,4 Year,16638.0,46700,63338,46700,63338,11,New-York,68500,126200,46.0,56
130,Corban University,Oregon,OR,Private,4 Year,10228.0,33040,43268,33040,43268,21,Oregon,42500,77300,63.0,1
131,Cornell College,Iowa,IA,Private,4 Year,9384.0,42299,51683,42299,51683,6,Iowa,49600,90600,47.0,22
132,Cornell University,New York,NY,Private,4 Year,14816.0,55188,70004,55188,70004,9,New-York,70100,128200,45.0,43
133,Cornish College of the Arts,Washington,WA,Private,4 Year,12400.0,41642,54042,41642,54042,21,Washington,49000,86400,39.0,0
134,Covenant College,Georgia,GA,Private,4 Year,10260.0,34330,44590,34330,44590,24,Georgia,44400,79400,62.0,19
135,Creighton University,Nebraska,NE,Private,4 Year,11036.0,39916,50952,39916,50952,2,Nebraska,53500,95800,56.0,9
136,Cumberland University,Tennessee,TN,Private,4 Year,9290.0,22890,32180,22890,32180,16,Tennessee,45500,81000,61.0,3
137,Dakota State University,South Dakota,SD,Public,4 Year,6873.0,9276,16149,12249,19122,5,South-Dakota,48400,84300,49.0,53
138,Dakota Wesleyan University,South Dakota,SD,Private,4 Year,7350.0,27300,34650,27300,34650,9,South-Dakota,41800,75700,52.0,10
139,Dartmouth College,New Hampshire,NH,Private,4 Year,15756.0,55453,71209,55453,71209,1,New-Hampshire,71500,130900,44.0,35
140,Davidson College,North Carolina,NC,Private,4 Year,14372.0,51447,65819,51447,65819,3,North-Carolina,57300,106900,50.0,28
141,Delaware State University,Delaware,DE,Public,4 Year,12190.0,7868,20058,16904,29094,3,Delaware,46300,81900,62.0,10
142,Delta State University,Mississippi,MS,Public,4 Year,7722.0,7246,14968,7246,14968,8,Mississippi,40800,74200,63.0,5
143,Denison University,Ohio,OH,Private,4 Year,12710.0,51960,64670,51960,64670,5,Ohio,54400,104800,45.0,22
144,DePaul University,Illinois,IL,Private,4 Year,14235.0,39975,54210,39975,54210,8,Illinois,55700,102900,43.0,15
145,DePauw University,Indiana,IN,Private,4 Year,13020.0,49704,62724,49704,62724,5,Indiana,56600,101000,47.0,24
146,Dickinson College,Pennsylvania,PA,Private,4 Year,13698.0,54661,68359,54661,68359,21,Pennsylvania,55800,100100,46.0,25
147,Dickinson State University,North Dakota,ND,Public,4 Year,6898.0,6765,13663,9544,16442,5,North-Dakota,46400,81200,55.0,8
148,Dillard University,Louisiana,LA,Private,4 Year,10100.0,18099,28199,18099,28199,17,Louisiana,44700,79800,74.0,20
149,Dordt College,Iowa,IA,Private,4 Year,9590.0,30870,40460,30870,40460,8,Iowa,51000,89600,57.0,17
150,Drake University,Iowa,IA,Private,4 Year,10528.0,41396,51924,41396,51924,2,Iowa,52800,99900,49.0,7
151,Drew University,New Jersey,NJ,Private,4 Year,14108.0,39500,53608,39500,53608,16,New-Jersey,52800,95000,37.0,16
152,Drexel University,Pennsylvania,PA,Private,4 Year,14079.0,53279,67358,53279,67358,9,Pennsylvania,61700,114800,47.0,28
153,Drury University,Missouri,MO,Private,4 Year,8096.0,28365,36461,28365,36461,19,Missouri,42600,79400,60.0,12
154,Duke University,North Carolina,NC,Private,4 Year,15178.0,55695,70873,55695,70873,1,North-Carolina,71100,132100,50.0,26
155,Earlham College,Indiana,IN,Private,4 Year,10400.0,46450,56850,46450,56850,13,Indiana,49100,88400,57.0,31
156,East Carolina University,North Carolina,NC,Public,4 Year,9606.0,7188,16794,23465,33071,11,North-Carolina,48400,85400,55.0,11
157,East Central University,Oklahoma,OK,Public,4 Year,5514.0,6810,12324,17700,23214,17,Oklahoma,44700,77500,66.0,9
158,East Tennessee State University,Tennessee,TN,Public,4 Year,8472.0,9277,17749,28459,36931,22,Tennessee,43700,77300,57.0,8
159,Eastern Connecticut State University,Connecticut,CT,Public,4 Year,13560.0,11356,24916,22596,36156,17,Connecticut,49200,87800,43.0,14
160,Eastern Kentucky University,Kentucky,KY,Public,4 Year,9018.0,9296,18314,19074,28092,11,Kentucky,45600,80700,56.0,5
161,Eastern Michigan University,Michigan,MI,Public,4 Year,9854.0,13959,23813,13959,23813,18,Michigan,47300,86700,50.0,6
162,Eastern Oregon University,Oregon,OR,Public,4 Year,10040.0,8679,18719,20739,30779,23,Oregon,44000,73900,56.0,5
163,Eastern Washington University,Washington,WA,Public,4 Year,12793.0,7323,20116,24444,37237,20,Washington,49500,87500,52.0,17
164,Eckerd College,Florida,FL,Private,4 Year,12588.0,44540,57128,44540,57128,17,Florida,49200,88400,52.0,25
165,Edgewood College,Wisconsin,WI,Private,4 Year,11020.0,29500,40520,29500,40520,15,Wisconsin,49500,87500,54.0,5
166,Elon University,North Carolina,NC,Private,4 Year,12230.0,35319,47549,35319,47549,6,North-Carolina,53600,93700,43.0,7
167,Emory University,Georgia,GA,Private,4 Year,14456.0,51306,65762,51306,65762,2,Georgia,62000,110800,44.0,20
168,Emporia State University,Kansas,KS,Public,4 Year,8912.0,6758,15670,20675,29587,19,Kansas,43500,78000,60.0,9
169,Erskine College,South Carolina,SC,Private,4 Year,10900.0,34560,45460,34560,45460,12,South-Carolina,43500,78000,57.0,28
170,Fairfield University,Connecticut,CT,Private,4 Year,14710.0,48350,63060,48350,63060,4,Connecticut,62300,116900,41.0,17
171,Fairmont State University,West Virginia,WV,Public,4 Year,9004.0,7514,16518,16324,25328,14,West-Virginia,42900,74100,53.0,7
172,Faulkner University,Alabama,AL,Private,4 Year,7750.0,21690,29440,21690,29440,21,Alabama,39400,71300,61.0,2
173,Felician University,New Jersey,NJ,Private,4 Year,12880.0,34315,47195,34315,47195,11,New-Jersey,53200,98200,51.0,10
174,Ferris State University,Michigan,MI,Public,4 Year,9894.0,12630,22524,12630,22524,17,Michigan,50000,89300,50.0,8
175,Ferrum College,Virginia,VA,Private,4 Year,11500.0,34175,45675,34175,45675,25,Virginia,43000,80600,54.0,6
176,Fisk University,Tennessee,TN,Private,4 Year,10790.0,21480,32270,21480,32270,11,Tennessee,45300,83600,53.0,39
177,Florida Agricultural and Mechanical University,Florida,FL,Public,4 Year,10594.0,5827,16421,17768,28362,25,Florida,48000,83900,62.0,8
178,Florida Atlantic University,Florida,FL,Public,4 Year,11896.0,6039,17935,21595,33491,11,Florida,49400,91200,51.0,15
179,Florida Institute of Technology,Florida,FL,Private,4 Year,12880.0,41850,54730,41850,54730,3,Florida,58300,105400,53.0,48
180,Florida International University,Florida,FL,Public,4 Year,10882.0,6558,17440,18956,29838,13,Florida,49600,90100,51.0,16
181,Florida State University,Florida,FL,Public,4 Year,10816.0,6516,17332,21683,32499,8,Florida,50800,92700,49.0,18
182,Fordham University,New York,NY,Private,4 Year,17969.0,52687,70656,52687,70656,17,New-York,58700,112500,38.0,10
183,Fort Hays State University,Kansas,KS,Public,4 Year,8300.0,5133,13433,15201,23501,16,Kansas,45100,79300,64.0,6
184,Fort Lewis College,Colorado,CO,Public,4 Year,9878.0,9040,18918,19696,29574,13,Colorado,48300,82600,55.0,19
185,Francis Marion University,South Carolina,SC,Public,4 Year,7948.0,11160,19108,21544,29492,13,South-Carolina,42900,77600,58.0,18
186,Franklin College,Indiana,IN,Private,4 Year,9946.0,32010,41956,32010,41956,16,Indiana,48900,86200,45.0,21
187,Franklin Pierce University,New Hampshire,NH,Private,4 Year,13345.0,36900,50245,36900,50245,7,New-Hampshire,47800,85600,52.0,3
188,Freed-Hardeman University,Tennessee,TN,Private,4 Year,8260.0,21950,30210,21950,30210,20,Tennessee,43700,78200,54.0,9
189,Friends University,Kansas,KS,Private,4 Year,7972.0,28415,36387,28415,36387,21,Kansas,44700,76500,59.0,14
190,Frostburg State University,Maryland,MD,Public,4 Year,10202.0,9172,19374,22892,33094,21,Maryland,49600,87000,48.0,19
191,George Fox University,Oregon,OR,Private,4 Year,11250.0,36020,47270,36020,47270,13,Oregon,51200,89600,52.0,8
192,George Mason University,Virginia,VA,Public,4 Year,11460.0,12462,23922,35922,47382,8,Virginia,58900,105700,48.0,23
193,Georgetown College,Kentucky,KY,Private,4 Year,9780.0,38650,48430,38650,48430,9,Kentucky,45000,81900,54.0,10
194,Georgia Southern University,Georgia,GA,Public,4 Year,10070.0,7422,17492,20904,30974,8,Georgia,49000,88000,49.0,17
195,Georgia State University,Georgia,GA,Public,4 Year,11378.0,10858,22236,29432,40810,7,Georgia,50600,90800,47.0,18
196,Gettysburg College,Pennsylvania,PA,Private,4 Year,13010.0,54480,67490,54480,67490,12,Pennsylvania,58400,109300,39.0,24
199,Goldey-Beacom College,Delaware,DE,Private,4 Year,6400.0,24300,30700,24300,30700,2,Delaware,49800,86900,42.0,25
200,Gonzaga University,Washington,WA,Private,4 Year,11944.0,43210,55154,43210,55154,4,Washington,57800,107600,51.0,19
201,Goucher College,Maryland,MD,Private,4 Year,14506.0,44300,58806,44300,58806,17,Maryland,49400,90600,42.0,11
202,Grambling State University,Louisiana,LA,Public,4 Year,7192.0,7435,14627,16458,23650,21,Louisiana,43100,73100,66.0,10
204,Green Mountain College,Vermont,VT,Private,4 Year,11722.0,37002,48724,37002,48724,12,Vermont,42000,75200,57.0,2
205,Grinnell College,Iowa,IA,Private,4 Year,12810.0,52392,65202,52392,65202,4,Iowa,53400,96500,49.0,41
206,Grove City College,Pennsylvania,PA,Private,4 Year,9770.0,17930,27700,17930,27700,24,Pennsylvania,54400,98400,53.0,29
207,Gustavus Adolphus College,Minnesota,MN,Private,4 Year,9910.0,45400,55310,45400,55310,7,Minnesota,51200,96800,47.0,22
208,Hamilton College,New York,NY,Private,4 Year,13870.0,54620,68490,54620,68490,23,New-York,62600,108100,45.0,25
209,Hamline University,Minnesota,MN,Private,4 Year,10358.0,41298,51656,41298,51656,14,Minnesota,48100,90400,52.0,5
210,Hampden-Sydney College,Virginia,VA,Private,4 Year,13558.0,45746,59304,45746,59304,6,Virginia,58300,108600,52.0,20
211,Hampton University,Virginia,VA,Private,4 Year,11778.0,26702,38480,26702,38480,13,Virginia,52700,92600,61.0,12
212,Hanover College,Indiana,IN,Private,4 Year,11580.0,37670,49250,37670,49250,18,Indiana,47500,85100,53.0,24
213,Harding University,Arkansas,AR,Private,4 Year,7044.0,20135,27179,20135,27179,4,Arkansas,49200,88600,47.0,10
214,Harvey Mudd College,California,CA,Private,4 Year,18127.0,56876,75003,56876,75003,1,California,88800,158200,55.0,85
215,Hastings College,Nebraska,NE,Private,4 Year,9700.0,30050,39750,30050,39750,8,Nebraska,48600,87100,55.0,14
216,Haverford College,Pennsylvania,PA,Private,4 Year,16402.0,54592,70994,54592,70994,10,Pennsylvania,59300,112300,47.0,36
217,Hawaii Pacific University,Hawaii,HI,Private,4 Year,14800.0,25980,40780,25980,40780,2,Hawaii,52200,93500,56.0,15
218,Henderson State University,Arkansas,AR,Public,4 Year,7504.0,8436,15940,10086,17590,10,Arkansas,42900,79800,57.0,5
219,Hendrix College,Arkansas,AR,Private,4 Year,12284.0,45790,58074,45790,58074,2,Arkansas,48100,90300,58.0,33
221,High Point University,North Carolina,NC,Private,4 Year,14130.0,35118,49248,35118,49248,12,North-Carolina,48600,84300,50.0,8
222,Hofstra University,New York,NY,Private,4 Year,15948.0,46760,62708,46760,62708,18,New-York,57300,110400,38.0,7
224,Hood College,Maryland,MD,Private,4 Year,12700.0,39492,52192,39492,52192,25,Maryland,47900,82600,49.0,32
225,Hope College,Michigan,MI,Private,4 Year,10310.0,34010,44320,34010,44320,14,Michigan,49200,90900,51.0,18
226,Huntingdon College,Alabama,AL,Private,4 Year,9750.0,27400,37150,27400,37150,14,Alabama,42400,78900,69.0,14
227,Husson University,Maine,ME,Private,4 Year,9830.0,18180,28010,18180,28010,10,Maine,43300,77600,52.0,1
228,Idaho State University,Idaho,ID,Public,4 Year,7207.0,7420,14627,22940,30147,3,Idaho,50800,91800,64.0,12
229,Illinois Institute of Technology,Illinois,IL,Private,4 Year,12762.0,47296,60058,47296,60058,1,Illinois,64600,118500,47.0,64
230,Illinois State University,Illinois,IL,Public,4 Year,9850.0,14516,24366,26040,35890,16,Illinois,51200,95000,47.0,10
231,Illinois Wesleyan University,Illinois,IL,Private,4 Year,10984.0,47636,58620,47636,58620,12,Illinois,53100,96000,44.0,18
232,Indiana Institute of Technology,Indiana,IN,Private,4 Year,10020.0,26900,36920,26900,36920,19,Indiana,50000,84900,46.0,11
233,Indiana State University,Indiana,IN,Public,4 Year,10590.0,9090,19680,19836,30426,17,Indiana,47900,85600,55.0,8
234,Iowa State University,Iowa,IA,Public,4 Year,8720.0,8988,17708,23392,32112,1,Iowa,56100,101300,48.0,31
235,Jackson State University,Mississippi,MS,Public,4 Year,9552.0,8226,17778,19454,29006,6,Mississippi,41700,74600,67.0,16
236,Jacksonville State University,Alabama,AL,Public,4 Year,8100.0,10425,18525,20145,28245,12,Alabama,43800,80000,61.0,7
237,Jacksonville University,Florida,FL,Private,4 Year,14080.0,36670,50750,36670,50750,12,Florida,50100,90400,66.0,5
238,James Madison University,Virginia,VA,Public,4 Year,10092.0,12016,22108,28416,38508,9,Virginia,57400,102600,42.0,12
239,Jefferson College of Health Sciences,Virginia,VA,Private,4 Year,5870.0,26886,32756,26886,32756,11,Virginia,55500,97600,86.0,1
240,John Brown University,Arkansas,AR,Private,4 Year,9224.0,26928,36152,26928,36152,5,Arkansas,47000,82700,53.0,9
241,John Carroll University,Ohio,OH,Private,4 Year,11874.0,41340,53214,41340,53214,11,Ohio,51600,97300,39.0,16
243,Johns Hopkins University,Maryland,MD,Private,4 Year,15836.0,54240,70076,54240,70076,3,Maryland,67200,117100,57.0,31
244,Judson College,Alabama,AL,Private,4 Year,10590.0,18510,29100,18510,29100,23,Alabama,37900,67600,65.0,13
245,Kalamazoo College,Michigan,MI,Private,4 Year,9756.0,48516,58272,48516,58272,8,Michigan,51600,94500,52.0,31
246,Kansas City Art Institute,Missouri,MO,Private,4 Year,10400.0,38400,48800,38400,48800,22,Missouri,42500,77700,37.0,0
247,Kansas State University,Kansas,KS,Public,4 Year,9680.0,10263,19943,25767,35447,2,Kansas,52500,97200,51.0,18
248,Kansas Wesleyan University,Kansas,KS,Private,4 Year,9500.0,29500,39000,29500,39000,15,Kansas,44700,79400,61.0,10
249,Kean University,New Jersey,NJ,Public,4 Year,14470.0,12348,26818,19383,33853,22,New-Jersey,48200,90000,51.0,10
250,Keene State College,New Hampshire,NH,Public,4 Year,11026.0,14212,25238,23176,34202,10,New-Hampshire,48900,83600,49.0,8
251,Kennesaw State University,Georgia,GA,Public,4 Year,11467.0,7432,18899,21158,32625,5,Georgia,52500,94600,46.0,22
252,Kentucky Christian University,Kentucky,KY,Private,4 Year,8270.0,19820,28090,19820,28090,22,Kentucky,39600,70300,68.0,3
253,Kentucky State University,Kentucky,KY,Public,4 Year,6690.0,8090,14780,19390,26080,18,Kentucky,40700,73100,57.0,13
254,Kentucky Wesleyan College,Kentucky,KY,Private,4 Year,9764.0,26440,36204,26440,36204,14,Kentucky,42100,76800,65.0,14
255,Kenyon College,Ohio,OH,Private,4 Year,12510.0,55930,68440,55930,68440,7,Ohio,55000,103800,50.0,17
257,Kettering University,Michigan,MI,Private,4 Year,8240.0,43490,51730,43490,51730,1,Michigan,69900,125000,44.0,74
258,Knox College,Illinois,IL,Private,4 Year,9870.0,46554,56424,46554,56424,15,Illinois,50600,95400,45.0,24
259,La Salle University,Pennsylvania,PA,Private,4 Year,15080.0,30560,45640,30560,45640,15,Pennsylvania,55800,104800,40.0,5
260,Lafayette College,Pennsylvania,PA,Private,4 Year,15640.0,52880,68520,52880,68520,6,Pennsylvania,66500,122500,37.0,47
261,Lake Forest College,Illinois,IL,Private,4 Year,10390.0,47064,57454,47064,57454,9,Illinois,55400,102600,46.0,21
262,Lake Superior State University,Michigan,MI,Public,4 Year,9882.0,12090,21972,12090,21972,24,Michigan,45900,83500,48.0,14
264,Lamar University,Texas,TX,Public,4 Year,8920.0,10192,19112,22642,31562,13,Texas,53300,101200,57.0,16
265,Lander University,South Carolina,SC,Public,4 Year,9100.0,11700,20800,21300,30400,15,South-Carolina,42600,77100,54.0,9
266,Langston University,Oklahoma,OK,Public,4 Year,9476.0,5950,15426,13300,22776,11,Oklahoma,46500,81500,66.0,8
267,Lawrence Technological University,Michigan,MI,Private,4 Year,9950.0,33570,43520,33570,43520,4,Michigan,57900,108400,49.0,60
268,Lawrence University,Wisconsin,WI,Private,4 Year,10341.0,47475,57816,47475,57816,5,Wisconsin,51500,98800,58.0,25
269,Lehigh University,Pennsylvania,PA,Private,4 Year,13600.0,52930,66530,52930,66530,2,Pennsylvania,69500,134100,45.0,52
270,Lenoir-Rhyne University,North Carolina,NC,Private,4 Year,12510.0,36400,48910,36400,48910,10,North-Carolina,46400,86300,54.0,7
271,LeTourneau University,Texas,TX,Private,4 Year,9970.0,30210,40180,30210,40180,18,Texas,56600,98900,53.0,21
272,Lewis & Clark College,Oregon,OR,Private,4 Year,12490.0,50934,63424,50934,63424,10,Oregon,50000,93200,51.0,12
273,Lewis University,Illinois,IL,Private,4 Year,10578.0,32450,43028,32450,43028,25,Illinois,49700,89800,53.0,14
274,Lewis-Clark State College,Idaho,ID,Public,4 Year,7580.0,6618,14198,19236,26816,7,Idaho,44900,77600,60.0,5
275,Limestone College,South Carolina,SC,Private,4 Year,9765.0,26000,35765,26000,35765,16,South-Carolina,42100,76500,57.0,10
276,Lindenwood University,Missouri,MO,Private,4 Year,9000.0,17600,26600,17600,26600,21,Missouri,45100,78500,48.0,9
277,Lindsey Wilson College,Kentucky,KY,Private,4 Year,9385.0,24850,34235,24850,34235,25,Kentucky,35300,64100,52.0,2
278,Lipscomb University,Tennessee,TN,Private,4 Year,12652.0,32144,44796,32144,44796,9,Tennessee,49000,84800,59.0,12
279,Longwood University,Virginia,VA,Public,4 Year,11746.0,13340,25086,29300,41046,21,Virginia,47300,83300,54.0,9
280,Loras College,Iowa,IA,Private,4 Year,8275.0,34184,42459,34184,42459,7,Iowa,48000,90100,56.0,14
281,Louisiana College,Louisiana,LA,Private,4 Year,5618.0,17000,22618,17000,22618,17,Louisiana,44800,79800,58.0,4
282,Louisiana Tech University,Louisiana,LA,Public,4 Year,6495.0,9645,16140,18558,25053,3,Louisiana,53100,100700,57.0,24
283,Loyola Marymount University,California,CA,Private,4 Year,14490.0,48522,63012,48522,63012,18,California,58500,113300,39.0,9
284,Loyola University Chicago,Illinois,IL,Private,4 Year,14480.0,44048,58528,44048,58528,12,Illinois,53400,96000,45.0,15
285,Loyola University Maryland,Maryland,MD,Private,4 Year,14430.0,49085,63515,49085,63515,5,Maryland,59900,111200,40.0,8
286,Loyola University New Orleans,Louisiana,LA,Private,4 Year,13380.0,39692,53072,39692,53072,9,Louisiana,47900,88600,47.0,4
287,Luther College,Iowa,IA,Private,4 Year,9460.0,42290,51750,42290,51750,14,Iowa,48200,85900,49.0,21
288,Lyndon State College,Vermont,VT,Public,4 Year,10598.0,12074,22672,25394,35992,13,Vermont,41500,75100,49.0,8
289,Lynn University,Florida,FL,Private,4 Year,12170.0,38210,50380,38210,50380,22,Florida,46100,85000,45.0,2
290,Lyon College,Arkansas,AR,Private,4 Year,9130.0,28790,37920,28790,37920,15,Arkansas,41200,74300,53.0,33
291,Macalester College,Minnesota,MN,Private,4 Year,12156.0,54344,66500,54344,66500,6,Minnesota,53600,100400,51.0,31
293,Maine College of Art,Maine,ME,Private,4 Year,11890.0,35000,46890,35000,46890,17,Maine,36300,64600,37.0,0
294,Maine Maritime Academy,Maine,ME,Public,4 Year,10310.0,13478,23788,27098,37408,1,Maine,67000,121800,65.0,48
295,Manchester University,Indiana,IN,Private,4 Year,9580.0,32758,42338,32758,42338,20,Indiana,46900,84700,56.0,10
297,Manhattan College,New York,NY,Private,4 Year,16200.0,43480,59680,43480,59680,12,New-York,64000,125700,46.0,40
298,Marietta College,Ohio,OH,Private,4 Year,11320.0,36040,47360,36040,47360,15,Ohio,51200,94300,57.0,45
299,Marquette University,Wisconsin,WI,Private,4 Year,12720.0,41870,54590,41870,54590,2,Wisconsin,57800,105900,52.0,25
300,Marshall University,West Virginia,WV,Public,4 Year,10450.0,8128,18578,18614,29064,9,West-Virginia,45000,79700,50.0,12
301,Maryland Institute College of Art,Maryland,MD,Private,4 Year,13280.0,48630,61910,48630,61910,24,Maryland,49000,84500,40.0,0
303,Marymount University,Virginia,VA,Private,4 Year,13190.0,31466,44656,31466,44656,12,Virginia,52300,93100,44.0,15
304,Maryville College,Tennessee,TN,Private,4 Year,11424.0,34880,46304,34880,46304,24,Tennessee,42800,75300,68.0,16
305,Maryville University of Saint Louis,Missouri,MO,Private,4 Year,10088.0,28470,38558,28470,38558,18,Missouri,46800,80100,53.0,2
306,Massachusetts Institute of Technology,Massachusetts,MA,Private,4 Year,15510.0,51832,67342,51832,67342,1,Massachusetts,86300,155200,52.0,69
307,Massachusetts Maritime Academy,Massachusetts,MA,Public,4 Year,12675.0,9724,22399,26102,38777,8,Massachusetts,67900,117500,53.0,47
308,Mayville State University,North Dakota,ND,Public,4 Year,7840.0,6666,14506,9399,17239,4,North-Dakota,43700,81300,44.0,10
309,McDaniel College,Maryland,MD,Private,4 Year,11430.0,43260,54690,43260,54690,12,Maryland,51100,94600,54.0,6
310,McNeese State University,Louisiana,LA,Public,4 Year,8704.0,7859,16563,18934,27638,11,Louisiana,50200,88200,57.0,13
311,McPherson College,Kansas,KS,Private,4 Year,8788.0,28951,37739,28951,37739,14,Kansas,44500,80900,59.0,9
312,MCPHS University,Massachusetts,MA,Private,4 Year,16400.0,32705,49105,32705,49105,6,Massachusetts,65900,121800,71.0,2
314,Menlo College,California,CA,Private,4 Year,14225.0,42800,57025,42800,57025,20,California,61900,112400,59.0,0
315,Mercer University,Georgia,GA,Private,4 Year,11616.0,36894,48510,36894,48510,11,Georgia,48500,85100,62.0,14
316,Merrimack College,Massachusetts,MA,Private,4 Year,15845.0,41760,57605,41760,57605,22,Massachusetts,56000,102500,50.0,13
318,Methodist University,North Carolina,NC,Private,4 Year,12890.0,33846,46736,33846,46736,19,North-Carolina,45800,80500,58.0,9
321,Michigan State University,Michigan,MI,Public,4 Year,10322.0,14460,24782,39765,50087,5,Michigan,55300,100800,46.0,20
322,Michigan Technological University,Michigan,MI,Public,4 Year,10756.0,15646,26402,33726,44482,2,Michigan,65000,116300,47.0,81
323,Mid-America Christian University,Oklahoma,OK,Private,4 Year,8036.0,18334,26370,18334,26370,21,Oklahoma,40700,74100,71.0,0
324,MidAmerica Nazarene University,Kansas,KS,Private,4 Year,8708.0,30736,39444,30736,39444,18,Kansas,46200,78500,60.0,1
325,Middle Georgia State University,Georgia,GA,Public,4 Year,9080.0,4608,13688,13568,22648,23,Georgia,44000,79800,57.0,11
326,Middle Tennessee State University,Tennessee,TN,Public,4 Year,9436.0,9206,18642,28364,37800,15,Tennessee,46500,81100,52.0,9
327,Middlebury College,Vermont,VT,Private,4 Year,15530.0,54450,69980,54450,69980,1,Vermont,60400,109800,54.0,19
328,Midland University,Nebraska,NE,Private,4 Year,8776.0,32558,41334,32558,41334,13,Nebraska,43800,78100,60.0,7
329,Midway University,Kentucky,KY,Private,4 Year,8480.0,24650,33130,24650,33130,22,Kentucky,39200,70300,53.0,3
330,Miles College,Alabama,AL,Private,4 Year,7042.0,11604,18646,11604,18646,25,Alabama,34800,65100,64.0,19
331,Milligan College,Tennessee,TN,Private,4 Year,7100.0,33700,40800,33700,40800,25,Tennessee,41200,74900,63.0,5
332,Millsaps College,Mississippi,MS,Private,4 Year,13730.0,39910,53640,39910,53640,3,Mississippi,49300,88700,56.0,24
333,Milwaukee School of Engineering,Wisconsin,WI,Private,4 Year,10389.0,40749,51138,40749,51138,1,Wisconsin,65700,117600,50.0,69
334,Minneapolis College of Art and Design,Minnesota,MN,Private,4 Year,5610.0,39210,44820,39210,44820,24,Minnesota,47400,84700,39.0,0
335,Minot State University,North Dakota,ND,Public,4 Year,6610.0,7064,13674,7064,13674,7,North-Dakota,44500,74100,55.0,7
336,Mississippi College,Mississippi,MS,Private,4 Year,10300.0,18026,28326,18026,28326,5,Mississippi,45200,79500,57.0,20
337,Mississippi State University,Mississippi,MS,Public,4 Year,10090.0,8760,18850,23360,33450,1,Mississippi,51100,94100,57.0,27
338,Mississippi University for Women,Mississippi,MS,Public,4 Year,7424.0,7040,14464,7040,14464,10,Mississippi,39500,69500,63.0,2
339,Mississippi Valley State University,Mississippi,MS,Public,4 Year,8043.0,6570,14613,6570,14613,14,Mississippi,32500,61900,70.0,11
340,Missouri University of Science and Technology,Missouri,MO,Public,4 Year,10274.0,10169,20443,28499,38773,1,Missouri,67300,122600,50.0,80
342,Monmouth University,New Jersey,NJ,Private,4 Year,13981.0,38138,52119,38138,52119,18,New-Jersey,52200,93200,44.0,13
343,Montana State University,Montana,MT,Public,4 Year,10100.0,7421,17521,24849,34949,2,Montana,53700,96200,54.0,31
344,Montana Tech of the University of Montana,Montana,MT,Public,4 Year,9656.0,7411,17067,22574,32230,1,Montana,61200,112600,64.0,61
345,Montclair State University,New Jersey,NJ,Public,4 Year,15564.0,12790,28354,20578,36142,14,New-Jersey,50800,95400,42.0,9
346,Morehead State University,Kentucky,KY,Public,4 Year,9960.0,9170,19130,13646,23606,16,Kentucky,41300,74900,56.0,9
347,Morehouse College,Georgia,GA,Private,4 Year,13438.0,27574,41012,27574,41012,4,Georgia,55700,98700,58.0,26
348,Morningside College,Iowa,IA,Private,4 Year,9610.0,31530,41140,31530,41140,19,Iowa,44900,82100,60.0,6
349,Mount Carmel College of Nursing,Ohio,OH,Private,4 Year,5000.0,13907,18907,13907,18907,8,Ohio,56600,99700,78.0,0
350,Mount Marty College,South Dakota,SD,Private,4 Year,7986.0,27276,35262,27276,35262,8,South-Dakota,41400,76500,67.0,5
351,Mount Mercy University,Iowa,IA,Private,4 Year,9534.0,31798,41332,31798,41332,22,Iowa,47200,79000,51.0,4
352,Mount St. Mary's University,Maryland,MD,Private,4 Year,13075.0,41350,54425,41350,54425,13,Maryland,50200,94100,50.0,11
353,Muhlenberg College,Pennsylvania,PA,Private,4 Year,11765.0,52595,64360,52595,64360,17,Pennsylvania,53400,101900,43.0,20
354,Multnomah University,Oregon,OR,Private,4 Year,8870.0,25900,34770,25900,34770,22,Oregon,40500,76400,82.0,0
355,Murray State University,Kentucky,KY,Public,4 Year,9190.0,9084,18274,24540,33730,12,Kentucky,44800,79900,56.0,9
357,Nebraska Wesleyan University,Nebraska,NE,Private,4 Year,9622.0,34202,43824,34202,43824,12,Nebraska,45700,80500,60.0,8
358,New College of Florida,Florida,FL,Public,4 Year,9264.0,6919,16183,29944,39208,20,Florida,47300,86500,40.0,4
359,New England College,New Hampshire,NH,Private,4 Year,14222.0,37914,52136,37914,52136,6,New-Hampshire,45700,86400,43.0,24
360,New England Institute of Technology,Rhode Island,RI,Private,4 Year,13065.0,29940,43005,29940,43005,7,Rhode-Island,51700,93200,44.0,14
361,New Jersey City University,New Jersey,NJ,Public,4 Year,12738.0,12051,24789,21573,34311,24,New-Jersey,48700,87600,55.0,9
362,New Jersey Institute of Technology,New Jersey,NJ,Public,4 Year,13600.0,17338,30938,32750,46350,3,New-Jersey,64600,121300,51.0,75
363,New Mexico Highlands University,New Mexico,NM,Public,4 Year,7872.0,6150,14022,10302,18174,6,New-Mexico,40400,73800,63.0,4
364,New Mexico Institute of Mining and Technology,New Mexico,NM,Public,4 Year,8510.0,7770,16280,22268,30778,1,New-Mexico,64700,120400,61.0,91
366,New York University,New York,NY,Private,4 Year,18156.0,51828,69984,51828,69984,13,New-York,63100,117700,42.0,18
367,Newberry College,South Carolina,SC,Private,4 Year,10666.0,26424,37090,26424,37090,19,South-Carolina,41200,74700,54.0,14
368,Newman University,Kansas,KS,Private,4 Year,8326.0,30724,39050,30724,39050,6,Kansas,48000,88500,66.0,11
369,Nicholls State University,Louisiana,LA,Public,4 Year,9938.0,7982,17920,9075,19013,14,Louisiana,44500,84300,53.0,5
370,North Carolina Wesleyan College,North Carolina,NC,Private,4 Year,10800.0,31000,41800,31000,41800,21,North-Carolina,45300,78800,62.0,8
371,North Central College,Illinois,IL,Private,4 Year,11019.0,38880,49899,38880,49899,19,Illinois,50400,92900,45.0,9
372,Northeastern State University,Oklahoma,OK,Public,4 Year,7638.0,6650,14288,14720,22358,16,Oklahoma,44500,77600,58.0,7
373,Northeastern University,Massachusetts,MA,Private,4 Year,16880.0,51387,68267,51387,68267,16,Massachusetts,62500,109700,46.0,40
374,Northern Arizona University,Arizona,AZ,Public,4 Year,10282.0,11564,21846,25828,36110,4,Arizona,49600,90000,56.0,12
375,Northern Illinois University,Illinois,IL,Public,4 Year,10880.0,12262,23142,12262,23142,14,Illinois,53000,95500,47.0,20
376,Northern Kentucky University,Kentucky,KY,Public,4 Year,10022.0,10032,20054,19680,29702,6,Kentucky,49000,87400,46.0,12
377,Northern State University,South Dakota,SD,Public,4 Year,8029.0,8498,16527,11471,19500,7,South-Dakota,42300,77700,56.0,7
378,Northwest Christian University,Oregon,OR,Private,4 Year,9300.0,30050,39350,30050,39350,17,Oregon,45200,81100,62.0,5
379,Northwest Missouri State University,Missouri,MO,Public,4 Year,10016.0,9805,19821,16457,26473,13,Missouri,46900,85100,50.0,26
380,Northwest Nazarene University,Idaho,ID,Private,4 Year,7400.0,29300,36700,29300,36700,6,Idaho,46200,80600,68.0,7
381,Northwest University,Washington,WA,Private,4 Year,8630.0,31540,40170,31540,40170,16,Washington,50900,89000,51.0,3
382,Northwestern College,Iowa,IA,Private,4 Year,9200.0,31100,40300,31100,40300,18,Iowa,44800,82400,42.0,11
383,Northwestern College,Illinois,IL,For Profit,2 Year,12402.0,18485,30887,18485,30887,18,Iowa,44800,82400,42.0,11
384,Northwestern Oklahoma State University,Oklahoma,OK,Public,4 Year,4780.0,7036,11816,14153,18933,18,Oklahoma,42200,76800,55.0,11
385,Northwestern University,Illinois,IL,Private,4 Year,16626.0,54567,71193,54567,71193,2,Illinois,63400,115400,46.0,20
386,Norwich University,Vermont,VT,Private,4 Year,13840.0,40016,53856,40016,53856,3,Vermont,57000,99100,51.0,20
387,Notre Dame of Maryland University,Maryland,MD,Private,4 Year,11850.0,36900,48750,36900,48750,23,Maryland,48300,86400,58.0,3
388,Nova Southeastern University,Florida,FL,Private,4 Year,13250.0,30900,44150,30900,44150,14,Florida,50200,89800,60.0,9
389,Oakland University,Michigan,MI,Public,4 Year,10100.0,12606,22706,24230,34330,9,Michigan,51300,93300,49.0,19
390,Oakwood University,Alabama,AL,Private,4 Year,9312.0,16720,26032,16720,26032,15,Alabama,43500,78800,71.0,16
391,Oberlin College,Ohio,OH,Private,4 Year,16338.0,55054,71392,55054,71392,13,Ohio,53100,96800,47.0,21
392,Oglethorpe University,Georgia,GA,Private,4 Year,13200.0,38100,51300,38100,51300,6,Georgia,52400,91400,50.0,12
393,Ohio Northern University,Ohio,OH,Private,4 Year,11650.0,32260,43910,32260,43910,6,Ohio,54400,103900,49.0,22
394,Ohio Valley University,West Virginia,WV,Private,4 Year,7980.0,21900,29880,21900,29880,16,West-Virginia,38800,71100,81.0,1
395,Ohio Wesleyan University,Ohio,OH,Private,4 Year,12430.0,45760,58190,45760,58190,9,Ohio,51300,99200,46.0,21
396,Oklahoma Baptist University,Oklahoma,OK,Private,4 Year,7350.0,28258,35608,28258,35608,19,Oklahoma,43900,76600,62.0,8
397,Oklahoma Christian University,Oklahoma,OK,Private,4 Year,8190.0,22760,30950,22760,30950,7,Oklahoma,49700,87900,57.0,41
398,Oklahoma City University,Oklahoma,OK,Private,4 Year,8896.0,31026,39922,31026,39922,7,Oklahoma,47700,87900,58.0,9
399,Oklahoma Panhandle State University,Oklahoma,OK,Public,4 Year,4695.0,8194,12889,9133,13828,20,Oklahoma,42300,74400,54.0,10
400,Oklahoma Wesleyan University,Oklahoma,OK,Private,4 Year,8644.0,26956,35600,26956,35600,15,Oklahoma,43300,78700,58.0,1
401,Old Dominion University,Virginia,VA,Public,4 Year,11620.0,10872,22492,29772,41392,14,Virginia,50200,89900,52.0,19
402,Oral Roberts University,Oklahoma,OK,Private,4 Year,9450.0,27728,37178,27728,37178,9,Oklahoma,45900,85100,59.0,8
404,Oregon Institute of Technology,Oregon,OR,Public,4 Year,9058.0,9987,19045,28056,37114,2,Oregon,61200,106800,60.0,27
405,Oregon State University,Oregon,OR,Public,4 Year,12855.0,11166,24021,30141,42996,5,Oregon,56200,104800,53.0,34
406,Ouachita Baptist University,Arkansas,AR,Private,4 Year,7880.0,26790,34670,26790,34670,8,Arkansas,44100,80200,58.0,18
407,Pacific Lutheran University,Washington,WA,Private,4 Year,10790.0,42066,52856,42066,52856,10,Washington,54500,98100,53.0,20
409,Pacific University,Oregon,OR,Private,4 Year,12528.0,44298,56826,44298,56826,8,Oregon,50200,94000,66.0,8
410,Park University,Missouri,MO,Private,4 Year,8200.0,12650,20850,12650,20850,14,Missouri,48500,85000,56.0,7
411,Peru State College,Nebraska,NE,Public,4 Year,8010.0,7452,15462,7482,15492,17,Nebraska,42600,74800,50.0,6
412,Pfeiffer University,North Carolina,NC,Private,4 Year,11226.0,30234,41460,30234,41460,23,North-Carolina,44200,78000,51.0,4
414,Pittsburg State University,Kansas,KS,Public,4 Year,7778.0,7298,15076,18642,26420,8,Kansas,47100,84900,51.0,8
415,Plymouth State University,New Hampshire,NH,Public,4 Year,11100.0,14099,25199,22769,33869,12,New-Hampshire,47000,82200,50.0,6
416,Pomona College,California,CA,Private,4 Year,16716.0,52780,69496,52780,69496,13,California,63800,117200,47.0,37
417,Portland State University,Oregon,OR,Public,4 Year,10428.0,9105,19533,27060,37488,12,Oregon,50800,90500,48.0,16
418,Prairie View A&M University,Texas,TX,Public,4 Year,8925.0,10533,19458,24843,33768,17,Texas,57800,99400,65.0,22
419,Presbyterian College,South Carolina,SC,Private,4 Year,10480.0,38660,49140,38660,49140,6,South-Carolina,48800,89900,57.0,14
420,Prescott College,Arizona,AZ,Private,4 Year,7700.0,31485,39185,31485,39185,7,Arizona,41200,73500,69.0,0
421,Princeton University,New Jersey,NJ,Private,4 Year,16290.0,49330,65620,49330,65620,2,New-Jersey,75200,139400,48.0,48
422,Principia College,Illinois,IL,Private,4 Year,11610.0,29470,41080,29470,41080,17,Illinois,52600,94900,56.0,19
423,Providence College,Rhode Island,RI,Private,4 Year,14700.0,50390,65090,50390,65090,3,Rhode-Island,58900,106900,44.0,11
424,Queens University of Charlotte,North Carolina,NC,Private,4 Year,10860.0,34684,45544,34684,45544,9,North-Carolina,49400,86600,48.0,9
425,Quinnipiac University,Connecticut,CT,Private,4 Year,14540.0,47960,62500,47960,62500,10,Connecticut,55900,97700,46.0,10
426,Radford University,Virginia,VA,Public,4 Year,9406.0,11210,20616,22845,32251,22,Virginia,48900,82900,53.0,10
427,Ramapo College of New Jersey,New Jersey,NJ,Public,4 Year,12450.0,14374,26824,23715,36165,15,New-Jersey,51600,95200,41.0,12
428,Randolph College,Virginia,VA,Private,4 Year,13580.0,39585,53165,39585,53165,19,Virginia,47000,86100,50.0,23
429,Reed College,Oregon,OR,Private,4 Year,14210.0,56340,70550,56340,70550,3,Oregon,56100,104900,44.0,26
430,Regis University,Colorado,CO,Private,4 Year,11560.0,36810,48370,36810,48370,8,Colorado,55500,94800,58.0,13
431,Rensselaer Polytechnic Institute,New York,NY,Private,4 Year,15260.0,53880,69140,53880,69140,6,New-York,71300,134100,49.0,78
432,Rhode Island College,Rhode Island,RI,Public,4 Year,11829.0,8929,20758,21692,33521,9,Rhode-Island,47200,83500,52.0,5
433,Rhode Island School of Design,Rhode Island,RI,Private,4 Year,13400.0,50960,64360,50960,64360,4,Rhode-Island,55500,100600,39.0,0
434,Rhodes College,Tennessee,TN,Private,4 Year,11403.0,47890,59293,47890,59293,2,Tennessee,51900,97800,46.0,25
435,Rice University,Texas,TX,Private,4 Year,14000.0,47350,61350,47350,61350,1,Texas,71000,129500,50.0,45
436,Rider University,New Jersey,NJ,Private,4 Year,14700.0,41310,56010,41310,56010,8,New-Jersey,51600,99000,47.0,5
437,Ripon College,Wisconsin,WI,Private,4 Year,8400.0,43808,52208,43808,52208,10,Wisconsin,46300,89600,60.0,26
438,Rivier University,New Hampshire,NH,Private,4 Year,12526.0,31790,44316,31790,44316,8,New-Hampshire,49500,85100,58.0,41
439,Roanoke College,Virginia,VA,Private,4 Year,13690.0,44030,57720,44030,57720,20,Virginia,48500,85100,53.0,18
440,Rockhurst University,Missouri,MO,Private,4 Year,10200.0,37590,47790,37590,47790,7,Missouri,54000,92500,59.0,11
441,Rocky Mountain College,Montana,MT,Private,4 Year,8330.0,28512,36842,28512,36842,5,Montana,46000,82900,59.0,12
442,Roger Williams University,Rhode Island,RI,Private,4 Year,15890.0,34522,50412,34522,50412,8,Rhode-Island,52900,92700,48.0,12
443,Rogers State University,Oklahoma,OK,Public,4 Year,8616.0,6870,15486,15210,23826,22,Oklahoma,41400,73800,48.0,11
444,Rollins College,Florida,FL,Private,4 Year,14735.0,49760,64495,49760,64495,18,Florida,49000,87000,53.0,7
445,Rose-Hulman Institute of Technology,Indiana,IN,Private,4 Year,14766.0,49871,64637,49871,64637,1,Indiana,75000,135800,51.0,96
446,Rowan University,New Jersey,NJ,Public,4 Year,12552.0,13697,26249,22339,34891,20,New-Jersey,51100,91200,43.0,21
448,Rust College,Mississippi,MS,Private,4 Year,4300.0,9900,14200,9900,14200,13,Mississippi,34800,62400,76.0,32
449,Sacred Heart University,Connecticut,CT,Private,4 Year,15310.0,41420,56730,41420,56730,9,Connecticut,55000,100500,46.0,15
450,Saginaw Valley State University,Michigan,MI,Public,4 Year,10186.0,10308,20494,24215,34401,25,Michigan,46400,82200,54.0,12
451,Saint Anselm College,New Hampshire,NH,Private,4 Year,14500.0,41200,55700,41200,55700,2,New-Hampshire,56400,100300,59.0,11
452,Saint Cloud State University,Minnesota,MN,Public,4 Year,8900.0,8912,17812,17146,26046,11,Minnesota,51600,91600,50.0,15
453,Saint Joseph's College of Maine,Maine,ME,Private,4 Year,13680.0,35650,49330,35650,49330,7,Maine,46900,84300,60.0,2
454,Saint Joseph's University,Pennsylvania,PA,Private,4 Year,14840.0,44973,59813,44973,59813,14,Pennsylvania,57300,105100,41.0,6
455,Saint Louis University,Missouri,MO,Private,4 Year,12290.0,43884,56174,43884,56174,4,Missouri,54200,95300,56.0,13
456,Saint Martin's University,Washington,WA,Private,4 Year,11445.0,37356,48801,37356,48801,15,Washington,53200,91800,60.0,29
457,Saint Mary's College,Indiana,IN,Private,4 Year,12580.0,42220,54800,42220,54800,12,Indiana,49700,89300,54.0,15
458,Saint Mary's College of California,California,CA,Private,4 Year,15370.0,47280,62650,47280,62650,21,California,59900,110800,51.0,5
459,Saint Michael's College,Vermont,VT,Private,4 Year,12220.0,45375,57595,45375,57595,4,Vermont,52900,98500,40.0,18
460,Saint Peter's University,New Jersey,NJ,Private,4 Year,15414.0,37486,52900,37486,52900,12,New-Jersey,52900,95900,35.0,14
461,Saint Xavier University,Illinois,IL,Private,4 Year,11340.0,33880,45220,33880,45220,20,Illinois,49400,91200,60.0,10
462,Salisbury University,Maryland,MD,Public,4 Year,11950.0,9824,21774,19526,31476,19,Maryland,50400,89800,51.0,12
463,Salve Regina University,Rhode Island,RI,Private,4 Year,14500.0,40550,55050,40550,55050,6,Rhode-Island,53000,93900,50.0,6
464,Samford University,Alabama,AL,Private,4 Year,10550.0,31650,42200,31650,42200,5,Alabama,48400,90500,52.0,3
465,San Jose State University,California,CA,Public,4 Year,16442.0,7796,24238,17300,33742,17,California,63000,114700,53.0,28
466,Santa Clara University,California,CA,Private,4 Year,14910.0,51711,66621,51711,66621,6,California,69900,134700,44.0,29
467,Savannah College of Art and Design,Georgia,GA,Private,4 Year,14550.0,36630,51180,36630,51180,21,Georgia,46800,80100,34.0,3
468,Seattle Pacific University,Washington,WA,Private,4 Year,11796.0,42939,54735,42939,54735,6,Washington,53600,103400,52.0,9
469,Seattle University,Washington,WA,Private,4 Year,12288.0,44610,56898,44610,56898,1,Washington,60600,113700,59.0,12
470,Seton Hall University,New Jersey,NJ,Private,4 Year,15800.0,42470,58270,42470,58270,5,New-Jersey,57100,103800,45.0,8
471,Shenandoah University,Virginia,VA,Private,4 Year,10370.0,32530,42900,32530,42900,18,Virginia,48700,86600,57.0,7
472,Shepherd University,West Virginia,WV,Public,4 Year,10500.0,7548,18048,18048,28548,4,West-Virginia,47100,87100,48.0,12
473,Shorter University,Georgia,GA,Private,4 Year,9400.0,22370,31770,22370,31770,22,Georgia,45600,79900,55.0,6
474,Sierra Nevada College,Nevada,NV,Private,4 Year,13357.0,34241,47598,34241,47598,1,Nevada,54000,95500,39.0,2
475,Simpson College,Iowa,IA,Private,4 Year,8380.0,39144,47524,39144,47524,11,Iowa,49900,88600,47.0,17
476,Smith College,Massachusetts,MA,Private,4 Year,17520.0,52404,69924,52404,69924,24,Massachusetts,52700,98200,51.0,26
477,South Carolina State University,South Carolina,SC,Public,4 Year,9890.0,11060,20950,21750,31640,10,South-Carolina,44500,80800,71.0,16
478,South Dakota School of Mines and Technology,South Dakota,SD,Public,4 Year,8440.0,9779,18219,14021,22461,1,South-Dakota,66500,118500,58.0,92
479,South Dakota State University,South Dakota,SD,Public,4 Year,7896.0,8764,16660,12128,20024,2,South-Dakota,50500,91900,58.0,18
480,Southeast Missouri State University,Missouri,MO,Public,4 Year,8935.0,7418,16353,13155,22090,20,Missouri,43700,79100,52.0,9
481,Southeastern Louisiana University,Louisiana,LA,Public,4 Year,8420.0,8165,16585,20643,29063,15,Louisiana,46700,83900,51.0,8
482,Southeastern Oklahoma State University,Oklahoma,OK,Public,4 Year,6970.0,6750,13720,15390,22360,14,Oklahoma,45000,80500,53.0,15
483,Southern Adventist University,Tennessee,TN,Private,4 Year,6940.0,21950,28890,21950,28890,10,Tennessee,47500,84000,67.0,9
484,Southern Connecticut State University,Connecticut,CT,Public,4 Year,12860.0,10875,23735,22115,34975,20,Connecticut,48500,83600,51.0,6
485,Southern Methodist University,Texas,TX,Private,4 Year,16845.0,54493,71338,54493,71338,5,Texas,59700,110400,46.0,22
486,Southern Nazarene University,Oklahoma,OK,Private,4 Year,8496.0,25188,33684,25188,33684,13,Oklahoma,46100,81000,62.0,5
487,Southern New Hampshire University,New Hampshire,NH,Private,4 Year,13120.0,31136,44256,31136,44256,11,New-Hampshire,47400,83400,49.0,8
488,Southern Oregon University,Oregon,OR,Public,4 Year,13199.0,9654,22853,25584,38783,16,Oregon,46000,81200,54.0,6
489,Southern University at New Orleans,Louisiana,LA,Public,4 Year,9040.0,9371,18411,11160,20200,22,Louisiana,40100,71000,76.0,13
490,Southern Utah University,Utah,UT,Public,4 Year,7090.0,6769,13859,20585,27675,8,Utah,46400,84400,65.0,7
491,Southern Vermont College,Vermont,VT,Private,4 Year,11000.0,25511,36511,25511,36511,9,Vermont,42900,78700,63.0,17
492,Southern Wesleyan University,South Carolina,SC,Private,4 Year,9030.0,25476,34506,25476,34506,20,South-Carolina,42900,74600,52.0,5
493,Southwestern Oklahoma State University,Oklahoma,OK,Public,4 Year,5830.0,7035,12865,13935,19765,6,Oklahoma,47900,90800,58.0,5
494,Southwestern University,Texas,TX,Private,4 Year,12000.0,42000,54000,42000,54000,25,Texas,51800,93500,51.0,19
495,Spalding University,Kentucky,KY,Private,4 Year,7600.0,24500,32100,24500,32100,13,Kentucky,44800,79200,71.0,0
496,Spelman College,Georgia,GA,Private,4 Year,13865.0,29314,43179,29314,43179,10,Georgia,50200,85400,52.0,24
497,Spring Hill College,Alabama,AL,Private,4 Year,13462.0,39464,52926,39464,52926,6,Alabama,46600,89100,53.0,12
501,St. Mary's University,Texas,TX,Private,4 Year,10270.0,30650,40920,30650,40920,22,Texas,52900,95300,61.0,17
502,Stanford University,California,CA,Private,4 Year,15763.0,51354,67117,51354,67117,4,California,79000,145200,56.0,51
503,Stephens College,Missouri,MO,Private,4 Year,10632.0,30950,41582,30950,41582,24,Missouri,42800,77200,47.0,6
504,Sterling College,Vermont,VT,Private,4 Year,9900.0,38800,48700,38800,48700,17,Kansas,42700,79100,73.0,7
505,Sterling College,Kansas,KS,Private,4 Year,8280.0,26000,34280,26000,34280,17,Kansas,42700,79100,73.0,7
506,Stetson University,Florida,FL,Private,4 Year,13052.0,46030,59082,46030,59082,21,Florida,47000,86000,44.0,7
507,Stevens Institute of Technology,New Jersey,NJ,Private,4 Year,15244.0,52202,67446,52202,67446,1,New-Jersey,75100,139900,47.0,79
508,Stevenson University,Maryland,MD,Private,4 Year,13130.0,36182,49312,36182,49312,15,Maryland,50400,91600,51.0,15
509,Stockton University,New Jersey,NJ,Public,4 Year,12282.0,13739,26021,20866,33148,25,New-Jersey,47400,85800,49.0,16
510,Stonehill College,Massachusetts,MA,Private,4 Year,16000.0,42746,58746,42746,58746,19,Massachusetts,55900,103200,42.0,18
512,SUNY Maritime College,New York,NY,Public,4 Year,12522.0,8283,20805,18063,30585,4,New-York,74900,140700,53.0,32
513,Swarthmore College,Pennsylvania,PA,Private,4 Year,15474.0,52588,68062,52588,68062,4,Pennsylvania,67500,123200,44.0,45
514,Tabor College,Kansas,KS,Private,4 Year,9850.0,28245,38095,28245,38095,20,Kansas,43300,77500,62.0,7
515,Taylor University,Indiana,IN,Private,4 Year,9614.0,34114,43728,34114,43728,10,Indiana,48700,90600,59.0,16
516,Tennessee State University,Tennessee,TN,Public,4 Year,7806.0,8008,15814,21364,29170,19,Tennessee,47200,78400,68.0,14
517,Tennessee Technological University,Tennessee,TN,Public,4 Year,9736.0,9103,18839,25759,35495,6,Tennessee,53100,95100,48.0,28
518,Texas A&M University-Kingsville,Texas,TX,Public,4 Year,8760.0,8462,17222,20912,29672,20,Texas,53100,97500,63.0,53
519,Texas Christian University,Texas,TX,Private,4 Year,12804.0,46950,59754,46950,59754,19,Texas,56000,98700,51.0,9
520,Texas Tech University,Texas,TX,Public,4 Year,9530.0,11045,20575,23495,33025,7,Texas,56800,106500,54.0,22
522,The College of New Jersey,New Jersey,NJ,Public,4 Year,13617.0,16551,30168,28266,41883,6,New-Jersey,58200,101800,44.0,16
524,Thomas College,Maine,ME,Private,4 Year,11250.0,26900,38150,26900,38150,8,Maine,46100,81500,49.0,3
526,Thomas More College,Kentucky,KY,Private,4 Year,7950.0,31120,39070,31120,39070,2,Kentucky,50000,90900,56.0,8
528,Tougaloo College,Mississippi,MS,Private,4 Year,6643.0,10790,17433,10790,17433,12,Mississippi,36900,66400,69.0,18
529,Towson University,Maryland,MD,Public,4 Year,13034.0,9940,22974,23208,36242,16,Maryland,51200,91200,47.0,15
530,Transylvania University,Kentucky,KY,Private,4 Year,10460.0,38750,49210,38750,49210,7,Kentucky,47900,85600,51.0,25
531,Trevecca Nazarene University,Tennessee,TN,Private,4 Year,8400.0,25598,33998,25598,33998,14,Tennessee,45300,81700,65.0,5
532,Trine University,Indiana,IN,Private,4 Year,10810.0,32175,42985,32175,42985,6,Indiana,55100,100300,56.0,26
533,Trinity College,Connecticut,CT,Private,4 Year,14750.0,56910,71660,56910,71660,5,Connecticut,60100,110900,49.0,22
534,Trinity University,Texas,TX,Private,4 Year,13464.0,42976,56440,42976,56440,11,Texas,54900,102900,46.0,27
535,Troy University,Alabama,AL,Public,4 Year,8185.0,12460,20645,22875,31060,11,Alabama,44500,81500,60.0,8
536,Truman State University,Missouri,MO,Public,4 Year,8780.0,7729,16509,14581,23361,12,Missouri,47900,85800,48.0,16
537,Tufts University,Massachusetts,MA,Private,4 Year,14560.0,56382,70942,56382,70942,7,Massachusetts,65200,118100,49.0,25
538,Tuskegee University,Alabama,AL,Private,4 Year,9650.0,22170,31820,22170,31820,4,Alabama,54500,93500,61.0,30
539,Union University,Tennessee,TN,Private,4 Year,10200.0,32890,43090,32890,43090,12,Tennessee,46400,83000,59.0,6
541,University of Alabama at Birmingham,Alabama,AL,Public,4 Year,6400.0,10710,17110,24630,31030,8,Alabama,48600,87200,57.0,17
542,University of Alabama in Huntsville,Alabama,AL,Public,4 Year,10094.0,10714,20808,22362,32456,2,Alabama,57500,103900,59.0,45
543,University of Alaska Anchorage,Alaska,AK,Public,4 Year,12200.0,7688,19888,23858,36058,2,Alaska,56000,101000,57.0,10
544,University of Alaska Fairbanks,Alaska,AK,Public,4 Year,8930.0,8087,17017,24257,33187,1,Alaska,59100,101800,54.0,20
545,University of Arizona,Arizona,AZ,Public,4 Year,12550.0,12487,25037,36386,48936,2,Arizona,56100,101000,51.0,23
546,University of Arkansas,Arkansas,AR,Public,4 Year,11020.0,9130,20150,25168,36188,1,Arkansas,52500,98000,49.0,18
547,University of Arkansas at Little Rock,Arkansas,AR,Public,4 Year,8930.0,8966,17896,21206,30136,7,Arkansas,45600,80800,55.0,13
548,University of Arkansas at Monticello,Arkansas,AR,Public,4 Year,6824.0,7696,14520,13546,20370,12,Arkansas,43500,78300,61.0,2
549,University of Arkansas at Pine Bluff,Arkansas,AR,Public,4 Year,7881.0,7842,15723,14094,21975,17,Arkansas,40500,70500,67.0,22
552,University of Bridgeport,Connecticut,CT,Private,4 Year,13860.0,32850,46710,32850,46710,13,Connecticut,49900,93600,59.0,31
553,University of Central Arkansas,Arkansas,AR,Public,4 Year,6854.0,8751,15605,15274,22128,10,Arkansas,44900,79800,52.0,8
554,University of Central Florida,Florida,FL,Public,4 Year,9617.0,6368,15985,22467,32084,16,Florida,49700,88600,50.0,16
555,University of Central Missouri,Missouri,MO,Public,4 Year,8766.0,7673,16439,14442,23208,16,Missouri,46900,83300,54.0,45
556,University of Central Oklahoma,Oklahoma,OK,Public,4 Year,7970.0,7488,15458,18376,26346,10,Oklahoma,45300,82900,56.0,8
557,University of Charleston,West Virginia,WV,Private,4 Year,9180.0,30900,40080,30900,40080,8,West-Virginia,44600,81900,51.0,4
558,University of Chicago,Illinois,IL,Private,4 Year,16350.0,58230,74580,58230,74580,4,Illinois,64000,114200,41.0,22
559,University of Colorado Boulder,Colorado,CO,Public,4 Year,14418.0,12532,26950,37286,51704,3,Colorado,57800,109900,48.0,39
560,University of Colorado Colorado Springs,Colorado,CO,Public,4 Year,10500.0,10463,20963,24893,35393,9,Colorado,52200,90900,53.0,21
561,University of Connecticut,Connecticut,CT,Public,4 Year,12874.0,15730,28604,38098,50972,6,Connecticut,59100,105200,48.0,24
562,University of Dallas,Texas,TX,Private,4 Year,12400.0,40652,53052,40652,53052,21,Texas,53000,96400,49.0,16
563,University of Dayton,Ohio,OH,Private,4 Year,13580.0,42900,56480,42900,56480,4,Ohio,57400,105000,44.0,33
564,University of Delaware,Delaware,DE,Public,4 Year,12862.0,13680,26542,34310,47172,1,Delaware,58600,105400,43.0,22
565,University of Denver,Colorado,CO,Private,4 Year,13005.0,50556,63561,50556,63561,4,Colorado,55700,105100,48.0,12
566,University of Detroit Mercy,Michigan,MI,Private,4 Year,9496.0,28000,37496,28000,37496,10,Michigan,51800,92800,57.0,13
567,University of Dubuque,Iowa,IA,Private,4 Year,9930.0,34110,44040,34110,44040,21,Iowa,44200,79700,48.0,7
568,University of Evansville,Indiana,IN,Private,4 Year,12460.0,36416,48876,36416,48876,11,Indiana,50300,89900,54.0,17
569,University of Florida,Florida,FL,Public,4 Year,10120.0,6381,16501,28658,38778,4,Florida,55800,102800,52.0,29
570,University of Georgia,Georgia,GA,Public,4 Year,10038.0,11830,21868,30404,40442,3,Georgia,54400,100700,45.0,14
571,University of Hartford,Connecticut,CT,Private,4 Year,12476.0,40694,53170,40694,53170,7,Connecticut,55200,101600,53.0,15
572,University of Hawaii at Hilo,Hawaii,HI,Public,4 Year,11406.0,7720,19126,20680,32086,5,Hawaii,44000,77200,59.0,14
573,University of Hawaii at Manoa,Hawaii,HI,Public,4 Year,13689.0,11970,25659,34002,47691,3,Hawaii,51600,91600,56.0,18
575,University of Houston,Texas,TX,Public,4 Year,10270.0,12506,22776,27956,38226,9,Texas,56000,103900,50.0,24
577,University of Idaho,Idaho,ID,Public,4 Year,8880.0,7864,16744,25500,34380,1,Idaho,52300,97700,54.0,22
578,University of Illinois at Chicago,Illinois,IL,Public,4 Year,12074.0,13764,25838,26980,39054,7,Illinois,56300,103800,48.0,31
579,University of Illinois at Urbana-Champaign,Illinois,IL,Public,4 Year,11308.0,15094,26402,31664,42972,3,Illinois,62600,115300,44.0,36
580,University of Indianapolis,Indiana,IN,Private,4 Year,10288.0,29688,39976,29688,39976,21,Indiana,47300,84500,55.0,5
581,University of Iowa,Iowa,IA,Public,4 Year,11172.0,9267,20439,31233,42405,3,Iowa,54100,99400,48.0,16
582,University of Jamestown,North Dakota,ND,Private,4 Year,7570.0,21976,29546,21976,29546,3,North-Dakota,47600,85400,64.0,11
583,University of Kansas,Kansas,KS,Public,4 Year,10350.0,11148,21498,27358,37708,1,Kansas,53000,98600,52.0,16
584,University of Kentucky,Kentucky,KY,Public,4 Year,12982.0,12245,25227,29099,42081,1,Kentucky,51700,96400,48.0,19
585,University of Louisiana at Lafayette,Louisiana,LA,Public,4 Year,8516.0,10616,19132,24344,32860,5,Louisiana,48200,92500,52.0,19
586,University of Louisiana at Monroe,Louisiana,LA,Public,4 Year,7850.0,8734,16584,20834,28684,5,Louisiana,48500,92500,65.0,7
587,University of Louisville,Kentucky,KY,Public,4 Year,9226.0,11656,20882,27278,36504,5,Kentucky,49500,87600,50.0,18
588,University of Maine,Maine,ME,Public,4 Year,10418.0,11170,21588,30970,41388,5,Maine,52000,95000,50.0,24
590,University of Maine at Farmington,Maine,ME,Public,4 Year,9726.0,9666,19392,19778,29504,13,Maine,41100,71700,64.0,5
591,University of Maine at Fort Kent,Maine,ME,Public,4 Year,8220.0,8115,16335,12315,20535,11,Maine,43500,76300,73.0,5
592,University of Maine at Machias,Maine,ME,Public,4 Year,8486.0,7840,16326,15100,23586,16,Maine,37100,66200,47.0,13
593,University of Maine at Presque Isle,Maine,ME,Public,4 Year,8406.0,8035,16441,12235,20641,14,Maine,39000,70700,58.0,6
594,University of Mary,North Dakota,ND,Private,4 Year,6890.0,18720,25610,18720,25610,6,North-Dakota,46400,79100,64.0,3
595,University of Mary Washington,Virginia,VA,Public,4 Year,11118.0,12188,23306,27434,38552,10,Virginia,54200,98200,49.0,17
596,University of Memphis,Tennessee,TN,Public,4 Year,9975.0,9701,19676,21413,31388,8,Tennessee,47200,85800,55.0,12
597,University of Miami,Florida,FL,Private,4 Year,14108.0,50226,64334,50226,64334,6,Florida,56200,99600,48.0,22
598,University of Mississippi,Mississippi,MS,Public,4 Year,10696.0,8660,19356,24614,35310,2,Mississippi,48500,89100,55.0,12
599,University of Mobile,Alabama,AL,Private,4 Year,9600.0,22820,32420,22820,32420,19,Alabama,40600,74100,77.0,7
600,University of Montevallo,Alabama,AL,Public,4 Year,9330.0,12760,22090,25780,35110,22,Alabama,38900,70700,49.0,7
601,University of Mount Union,Ohio,OH,Private,4 Year,10200.0,31260,41460,31260,41460,22,Ohio,48300,88500,41.0,19
603,University of New England,Maine,ME,Private,4 Year,13990.0,37620,51610,37620,51610,6,Maine,50100,91500,69.0,7
605,University of New Haven,Connecticut,CT,Private,4 Year,15900.0,39270,55170,39270,55170,11,Connecticut,52100,94800,52.0,25
606,University of New Orleans,Louisiana,LA,Public,4 Year,10575.0,9054,19629,13890,24465,7,Louisiana,49900,91600,55.0,23
607,University of North Alabama,Alabama,AL,Public,4 Year,9200.0,10370,19570,18680,27880,18,Alabama,43000,75600,61.0,6
608,University of North Carolina at Chapel Hill,North Carolina,NC,Public,4 Year,11190.0,8987,20177,35170,46360,5,North-Carolina,55000,100800,49.0,19
609,University of North Carolina at Charlotte,North Carolina,NC,Public,4 Year,11100.0,7044,18144,20478,31578,8,North-Carolina,52500,92600,49.0,25
610,University of North Carolina School of the Arts,North Carolina,NC,Public,4 Year,9021.0,9358,18379,25501,34522,16,North-Carolina,46400,82400,44.0,0
611,University of North Dakota,North Dakota,ND,Public,4 Year,8974.0,8695,17669,20759,29733,2,North-Dakota,53800,96000,54.0,16
612,University of North Florida,Florida,FL,Public,4 Year,9976.0,6394,16370,20112,30088,19,Florida,48800,86600,51.0,11
613,University of North Georgia,Georgia,GA,Public,4 Year,7876.0,7336,15212,21148,29024,9,Georgia,47300,85600,51.0,8
614,University of Northern Colorado,Colorado,CO,Public,4 Year,11204.0,9786,20990,21474,32678,12,Colorado,47700,87100,52.0,7
615,University of Northern Iowa,Iowa,IA,Public,4 Year,8948.0,8938,17886,19480,28428,15,Iowa,47100,85300,46.0,8
616,University of Notre Dame,Indiana,IN,Private,4 Year,15410.0,53391,68801,53391,68801,2,Indiana,67000,130500,45.0,28
617,University of Oregon,Oregon,OR,Public,4 Year,12963.0,11898,24861,35478,48441,7,Oregon,51800,95800,46.0,13
618,University of Pennsylvania,Pennsylvania,PA,Private,4 Year,15616.0,55584,71200,55584,71200,3,Pennsylvania,72800,133900,41.0,21
619,University of Pikeville,Kentucky,KY,Private,4 Year,7800.0,20950,28750,20950,28750,21,Kentucky,39000,70700,74.0,11
620,University of Portland,Oregon,OR,Private,4 Year,13450.0,45904,59354,45904,59354,3,Oregon,58500,104900,52.0,28
621,University of Puget Sound,Washington,WA,Private,4 Year,12540.0,49776,62316,49776,62316,8,Washington,54200,101300,45.0,21
622,University of Rhode Island,Rhode Island,RI,Public,4 Year,12950.0,14138,27088,30862,43812,5,Rhode-Island,54500,99700,50.0,18
623,University of Richmond,Virginia,VA,Private,4 Year,12250.0,52610,64860,52610,64860,7,Virginia,59800,107500,48.0,13
624,University of Rochester,New York,NY,Private,4 Year,15938.0,53926,69864,53926,69864,16,New-York,61100,112700,50.0,32
625,University of Saint Joseph,Connecticut,CT,Private,4 Year,11428.0,39173,50601,39173,50601,14,Connecticut,49900,88800,63.0,9
626,University of San Diego,California,CA,Private,4 Year,12980.0,49358,62338,49358,62338,25,California,58900,109400,48.0,12
627,University of San Francisco,California,CA,Private,4 Year,14830.0,48066,62896,48066,62896,23,California,60600,109900,52.0,6
628,University of Science and Arts of Oklahoma,Oklahoma,OK,Public,4 Year,6350.0,7215,13565,17565,23915,23,Oklahoma,37300,67400,49.0,11
629,University of Scranton,Pennsylvania,PA,Private,4 Year,15182.0,44532,59714,44532,59714,23,Pennsylvania,56400,99700,42.0,12
630,University of Sioux Falls,South Dakota,SD,Private,4 Year,7350.0,18280,25630,18280,25630,6,South-Dakota,44400,78200,64.0,6
631,University of South Alabama,Alabama,AL,Public,4 Year,7620.0,9870,17490,19740,27360,9,Alabama,47700,86400,56.0,17
632,University of South Dakota,South Dakota,SD,Public,4 Year,8216.0,9061,17277,12425,20641,4,South-Dakota,47500,87900,56.0,8
633,University of Southern California,California,CA,Private,4 Year,15395.0,56225,71620,56225,71620,11,California,64500,120600,47.0,23
634,University of Southern Maine,Maine,ME,Public,4 Year,9450.0,9520,18970,22780,32230,9,Maine,46900,81300,55.0,8
635,University of Southern Mississippi,Mississippi,MS,Public,4 Year,9857.0,8734,18591,10734,20591,4,Mississippi,45100,83900,56.0,11
636,University of the Cumberlands,Kentucky,KY,Private,4 Year,9000.0,23000,32000,23000,32000,17,Kentucky,39800,73800,63.0,8
637,University of the Ozarks,Arkansas,AR,Private,4 Year,7400.0,24230,31630,24230,31630,14,Arkansas,42300,74500,58.0,16
638,University of the Sciences,Pennsylvania,PA,Private,4 Year,15938.0,25000,40938,25000,40938,8,Pennsylvania,60700,115200,72.0,12
639,University of Toledo,Ohio,OH,Public,4 Year,11434.0,9795,21229,19133,30567,18,Ohio,51800,92500,52.0,21
640,University of Tulsa,Oklahoma,OK,Private,4 Year,11116.0,41509,52625,41509,52625,1,Oklahoma,58700,107200,51.0,36
641,University of Utah,Utah,UT,Public,4 Year,10262.0,9222,19484,29215,39477,2,Utah,54800,102600,57.0,22
642,University of Vermont,Vermont,VT,Public,4 Year,12462.0,18276,30738,42516,54978,2,Vermont,53200,99400,50.0,22
643,University of West Alabama,Alabama,AL,Public,4 Year,8116.0,10040,18156,18490,26606,17,Alabama,42700,76100,61.0,4
644,University of West Georgia,Georgia,GA,Public,4 Year,10918.0,7292,18210,20774,31692,15,Georgia,46700,82700,51.0,9
645,University of Wisconsin-Eau Claire,Wisconsin,WI,Public,4 Year,7813.0,8820,16633,17096,24909,7,Wisconsin,52100,93600,46.0,14
646,University of Wisconsin-La Crosse,Wisconsin,WI,Public,4 Year,6331.0,9106,15437,17924,24255,14,Wisconsin,49600,88300,53.0,19
647,University of Wisconsin-Madison,Wisconsin,WI,Public,4 Year,11114.0,10555,21669,36805,47919,3,Wisconsin,57300,104400,48.0,33
648,University of Wisconsin-Milwaukee,Wisconsin,WI,Public,4 Year,10728.0,11084,21812,22364,33092,9,Wisconsin,50600,90300,50.0,17
649,University of Wisconsin-Oshkosh,Wisconsin,WI,Public,4 Year,7448.0,8820,16268,16393,23841,19,Wisconsin,47700,84300,52.0,10
650,University of Wisconsin-Parkside,Wisconsin,WI,Public,4 Year,8026.0,7529,15555,15518,23544,24,Wisconsin,46000,81400,47.0,17
651,University of Wisconsin-Platteville,Wisconsin,WI,Public,4 Year,7580.0,7571,15151,15421,23001,4,Wisconsin,56800,100300,50.0,38
652,University of Wisconsin-River Falls,Wisconsin,WI,Public,4 Year,6513.0,7862,14375,15435,21948,25,Wisconsin,47100,81300,52.0,14
653,University of Wisconsin-Stout,Wisconsin,WI,Public,4 Year,6924.0,9457,16381,17423,24347,11,Wisconsin,50400,89500,47.0,14
654,University of Wisconsin-Whitewater,Wisconsin,WI,Public,4 Year,6786.0,7692,14478,16265,23051,12,Wisconsin,48900,89300,44.0,8
655,University of Wyoming,Wyoming,WY,Public,4 Year,10320.0,5400,15720,17490,27810,1,Wyoming,52400,98800,58.0,25
656,Upper Iowa University,Iowa,IA,Private,4 Year,8454.0,30450,38904,30450,38904,24,Iowa,44200,78000,56.0,3
657,Ursinus College,Pennsylvania,PA,Private,4 Year,12750.0,52050,64800,52050,64800,18,Pennsylvania,54400,101800,42.0,40
658,Utah State University,Utah,UT,Public,4 Year,6400.0,7424,13824,21505,27905,4,Utah,52400,93900,61.0,14
660,Valdosta State University,Georgia,GA,Public,4 Year,8110.0,7476,15586,20958,29068,19,Georgia,43400,81000,57.0,7
661,Valley City State University,North Dakota,ND,Public,4 Year,6446.0,7626,14072,17166,23612,8,North-Dakota,39900,68600,56.0,3
662,Valparaiso University,Indiana,IN,Private,4 Year,11860.0,40260,52120,40260,52120,8,Indiana,53300,98000,52.0,31
663,Vanderbilt University,Tennessee,TN,Private,4 Year,16234.0,49816,66050,49816,66050,1,Tennessee,65400,119100,48.0,23
664,Vermont Technical College,Vermont,VT,Public,4 Year,10598.0,15108,25706,27780,38378,5,Vermont,52400,93900,41.0,4
665,Villanova University,Pennsylvania,PA,Private,4 Year,14020.0,53308,67328,53308,67328,7,Pennsylvania,65100,119500,41.0,23
666,Virginia Commonwealth University,Virginia,VA,Public,4 Year,10428.0,14490,24918,35138,45566,16,Virginia,49900,88200,52.0,18
667,Virginia Military Institute,Virginia,VA,Public,4 Year,9428.0,18862,28290,45706,55134,2,Virginia,65900,120600,68.0,47
668,Virginia Polytechnic Institute and State University,Virginia,VA,Public,4 Year,8934.0,13620,22554,31304,40238,4,Virginia,62700,114000,48.0,42
669,Virginia State University,Virginia,VA,Public,4 Year,11208.0,9056,20264,19576,30784,24,Virginia,44900,81800,61.0,14
670,Viterbo University,Wisconsin,WI,Private,4 Year,9060.0,27970,37030,27970,37030,22,Wisconsin,46800,81900,62.0,3
671,Wabash College,Indiana,IN,Private,4 Year,10050.0,43450,53500,43450,53500,3,Indiana,62200,114400,40.0,34
672,Wake Forest University,North Carolina,NC,Private,4 Year,16032.0,53322,69354,53322,69354,2,North-Carolina,60700,114800,44.0,13
673,Walla Walla University,Washington,WA,Private,4 Year,4275.0,28035,32310,28035,32310,11,Washington,53700,97800,54.0,22
675,Wartburg College,Iowa,IA,Private,4 Year,9996.0,41280,51276,41280,51276,12,Iowa,49300,88000,49.0,34
676,Washburn University,Kansas,KS,Public,4 Year,8237.0,8870,17107,19940,28177,12,Kansas,47000,83000,54.0,4
677,Washington Adventist University,Maryland,MD,Private,4 Year,9370.0,23900,33270,23900,33270,10,Maryland,55600,97600,63.0,9
678,Washington and Lee University,Virginia,VA,Private,4 Year,13925.0,52455,66380,52455,66380,1,Virginia,65900,123200,40.0,18
679,Washington College,Maryland,MD,Private,4 Year,12414.0,46978,59392,46978,59392,14,Maryland,52800,93500,55.0,21
680,Washington State University,Washington,WA,Public,4 Year,11398.0,11581,22979,26365,37763,5,Washington,55900,103700,50.0,20
681,Wayne State College,Nebraska,NE,Public,4 Year,7668.0,6989,14657,12299,19967,18,Nebraska,40600,73400,54.0,11
682,Wayne State University,Michigan,MI,Public,4 Year,10427.0,13347,23774,28241,38668,12,Michigan,50800,91700,53.0,21
684,Weber State University,Utah,UT,Public,4 Year,6279.0,5831,12110,16585,22864,3,Utah,53900,94000,60.0,8
685,Webster University,Missouri,MO,Private,4 Year,11050.0,27900,38950,27900,38950,15,Missouri,46500,83500,50.0,2
686,Wellesley College,Massachusetts,MA,Private,4 Year,16468.0,53732,70200,53732,70200,18,Massachusetts,58900,106200,48.0,34
687,Wentworth Institute of Technology,Massachusetts,MA,Private,4 Year,14190.0,33950,48140,33950,48140,15,Massachusetts,62700,112700,53.0,39
688,Wesley College,Delaware,DE,Private,4 Year,11717.0,26406,38123,26406,38123,4,Delaware,45400,77300,50.0,2
689,Wesleyan University,Connecticut,CT,Private,4 Year,15060.0,54914,69974,54914,69974,3,Connecticut,61600,117000,53.0,21
690,West Liberty University,West Virginia,WV,Public,4 Year,9406.0,7730,17136,15670,25076,10,West-Virginia,42500,77000,51.0,6
691,West Virginia State University,West Virginia,WV,Public,4 Year,11892.0,8167,20059,16072,27964,12,West-Virginia,41800,76000,46.0,8
692,West Virginia University,West Virginia,WV,Public,4 Year,10918.0,8856,19774,24950,35868,2,West-Virginia,54400,99900,52.0,22
694,West Virginia University Institute of Technology,West Virginia,WV,Public,4 Year,11390.0,7464,18854,18648,30038,1,West-Virginia,57100,103700,56.0,40
695,West Virginia Wesleyan College,West Virginia,WV,Private,4 Year,8856.0,31640,40496,31640,40496,5,West-Virginia,47000,85200,53.0,21
696,Western Carolina University,North Carolina,NC,Public,4 Year,9682.0,4220,13902,8220,17902,25,North-Carolina,44700,77700,58.0,8
697,Western Connecticut State University,Connecticut,CT,Public,4 Year,13072.0,10819,23891,22059,35131,15,Connecticut,51700,88100,50.0,6
699,Western Kentucky University,Kentucky,KY,Public,4 Year,8343.0,10602,18945,26496,34839,8,Kentucky,45500,83100,49.0,10
700,Western Michigan University,Michigan,MI,Public,4 Year,10143.0,12483,22626,15373,25516,11,Michigan,50900,92200,47.0,16
701,Western New England University,Massachusetts,MA,Private,4 Year,13590.0,36804,50394,36804,50394,20,Massachusetts,56400,103000,44.0,21
702,Western New Mexico University,New Mexico,NM,Public,4 Year,9136.0,6824,15960,15231,24367,5,New-Mexico,41700,76700,75.0,4
703,Western Oregon University,Oregon,OR,Public,4 Year,10415.0,9540,19955,26415,36830,20,Oregon,44500,79300,50.0,5
704,Western State Colorado University,Colorado,CO,Public,4 Year,9635.0,10114,19749,21586,31221,14,Colorado,44800,81500,47.0,19
705,Western Washington University,Washington,WA,Public,4 Year,11466.0,8132,19598,23544,35010,9,Washington,55000,99300,45.0,16
706,Wheeling Jesuit University,West Virginia,WV,Private,4 Year,9900.0,29290,39190,29290,39190,7,West-Virginia,44800,83400,57.0,5
707,Whitman College,Washington,WA,Private,4 Year,13174.0,51764,64938,51764,64938,7,Washington,54600,102600,53.0,33
708,Whitworth University,Washington,WA,Private,4 Year,11496.0,43640,55136,43640,55136,17,Washington,49900,88800,52.0,18
709,Wichita State University,Kansas,KS,Public,4 Year,11252.0,8271,19523,17452,28704,7,Kansas,48700,87300,57.0,24
710,Widener University,Pennsylvania,PA,Private,4 Year,14446.0,45948,60394,45948,60394,21,Pennsylvania,55700,100100,57.0,13
711,Willamette University,Oregon,OR,Private,4 Year,12440.0,50074,62514,50074,62514,6,Oregon,52200,97700,49.0,14
712,William Carey University,Mississippi,MS,Private,4 Year,6810.0,12600,19410,12600,19410,9,Mississippi,41100,71800,61.0,6
713,William Jewell College,Missouri,MO,Private,4 Year,9930.0,34400,44330,34400,44330,6,Missouri,51400,94500,60.0,12
714,William Paterson University of New Jersey,New Jersey,NJ,Public,4 Year,11445.0,13060,24505,21260,32705,21,New-Jersey,50500,90200,44.0,7
715,William Penn University,Iowa,IA,Private,4 Year,6952.0,25600,32552,25600,32552,23,Iowa,43900,78300,59.0,7
716,Williams College,Massachusetts,MA,Private,4 Year,14500.0,55450,69950,55450,69950,5,Massachusetts,67500,127500,47.0,32
718,Winona State University,Minnesota,MN,Public,4 Year,9010.0,9425,18435,15348,24358,16,Minnesota,49700,86800,51.0,10
719,Winthrop University,South Carolina,SC,Public,4 Year,9312.0,15590,24902,29846,39158,11,South-Carolina,44300,79700,49.0,9
720,Wisconsin Lutheran College,Wisconsin,WI,Private,4 Year,10190.0,29725,39915,29725,39915,20,Wisconsin,46200,82500,45.0,10
721,Wittenberg University,Ohio,OH,Private,4 Year,10356.0,39500,49856,39500,49856,3,Ohio,52400,105400,61.0,22
722,Wofford College,South Carolina,SC,Private,4 Year,12685.0,43845,56530,43845,56530,4,South-Carolina,51300,96600,51.0,28
723,Worcester Polytechnic Institute,Massachusetts,MA,Private,4 Year,14774.0,50530,65304,50530,65304,3,Massachusetts,73600,135500,47.0,86
724,Xavier University,Ohio,OH,Private,4 Year,12780.0,38530,51310,38530,51310,16,Ohio,51800,94000,46.0,7
725,Xavier University of Louisiana,Louisiana,LA,Private,4 Year,9047.0,24488,33535,24488,33535,11,Louisiana,46700,88200,63.0,35
726,Yale University,Connecticut,CT,Private,4 Year,16000.0,53430,69430,53430,69430,1,Connecticut,70300,138300,53.0,22
727,Yeshiva University,New York,NY,Private,4 Year,12250.0,43500,55750,43500,55750,15,New-York,63500,112800,40.0,11
